input,output
سه نکته برای سالم ماندن بگویید.,"برای سالم ماندن، می‌توانید این سه نکته را در نظر بگیرید:


تغذیه متعادل: خوردن غذاهای سالم و متنوع که شامل میوه‌ها، سبزیجات، غلات کامل، و منابع پروتئینی کم‌چربی باشد، می‌تواند به تقویت سیستم ایمنی بدن و حفظ سلامت عمومی کمک کند.


ورزش منظم: فعالیت بدنی منظم مانند پیاده‌روی، دویدن یا تمرینات استقامتی، به تقویت قلب، عضلات، و سیستم تنفسی کمک کرده و سطح انرژی بدن را بالا می‌برد.


مدیریت استرس و خواب کافی: خواب کافی و آرامش روانی، از جمله روش‌های مؤثر در حفظ سلامت جسم و روح هستند. استراحت کافی و استفاده از تکنیک‌های کاهش استرس می‌تواند به حفظ سلامتی در درازمدت کمک کند."
سه رنگ اصلی کدامند؟,"سه رنگ اصلی عبارتند از:


قرمز


آبی


زرد


این سه رنگ به عنوان رنگ‌های اصلی شناخته می‌شوند زیرا نمی‌توان آنها را از ترکیب سایر رنگ‌ها به دست آورد و همه رنگ‌های دیگر می‌توانند از ترکیب این سه رنگ ایجاد شوند."
ساختار یک اتم را توصیف کنید.,"ساختار یک اتم از سه ذره بنیادی تشکیل شده است:


هسته: در مرکز اتم قرار دارد و بیشتر جرم اتم را در خود جای داده است. هسته خود از دو نوع ذره تشکیل می‌شود:


پروتون‌ها: ذرات باردار مثبت که در هسته قرار دارند.


نوترون‌ها: ذرات بدون بار الکتریکی که در هسته با پروتون‌ها ترکیب می‌شوند.




الکترون‌ها: ذرات باردار منفی که در مدارهایی به دور هسته حرکت می‌کنند. این الکترون‌ها انرژی‌های مختلفی دارند و در لایه‌های مختلف اطراف هسته قرار می‌گیرند.


فضای میان هسته و الکترون‌ها: بین هسته و الکترون‌ها فضای نسبتاً خالی وجود دارد که بیشتر اتم از این فضا تشکیل شده است.


الکترون‌ها در لایه‌های مختلف انرژی (مدارها) قرار دارند و در مجموع، تعداد پروتون‌ها در هسته برابر با تعداد الکترون‌ها در مدارهاست تا اتم به طور کلی حالت بی‌بار داشته باشد."
چگونه می‌توانیم آلودگی هوا را کاهش دهیم؟,"برای کاهش آلودگی هوا، اقدامات مختلفی می‌توان انجام داد که در سطح فردی، اجتماعی و دولتی تأثیرگذار است. در اینجا چند راهکار مهم آورده شده است:


استفاده از وسایل حمل و نقل عمومی یا دوچرخه: با کاهش استفاده از خودروهای شخصی، می‌توان آلودگی هوا را کاهش داد. استفاده از وسایل حمل و نقل عمومی، دوچرخه یا حتی پیاده‌روی، کمک زیادی به کاهش گازهای گلخانه‌ای و آلاینده‌های خودروها می‌کند.


کاهش مصرف سوخت‌های فسیلی: استفاده از انرژی‌های تجدیدپذیر مانند انرژی خورشیدی، بادی و آبی، جایگزین خوبی برای سوخت‌های فسیلی است. به‌طور مثال، نصب پنل‌های خورشیدی یا استفاده از خودروهای برقی می‌تواند تأثیر زیادی در کاهش آلودگی داشته باشد.


حفظ و توسعه فضاهای سبز: درختان و گیاهان به جذب دی‌اکسید کربن و تولید اکسیژن کمک می‌کنند. افزایش فضای سبز شهری و کاشت درختان می‌تواند به کاهش آلودگی هوا کمک کند.


کاهش مصرف انرژی: با بهینه‌سازی مصرف انرژی در خانه‌ها و ساختمان‌ها (مثل استفاده از لوازم خانگی کم‌مصرف یا بهبود عایق‌بندی ساختمان‌ها)، می‌توان نیاز به تولید انرژی از منابع آلاینده را کاهش داد.


ترویج مصرف محصولات پایدار: خرید محصولات با عمر طولانی‌تر و استفاده از مواد قابل بازیافت، موجب کاهش تولید زباله‌های آلوده‌کننده محیط‌زیست و به تبع آن، کاهش آلودگی هوا می‌شود.


حمایت از قوانین محیط‌زیستی: حمایت از سیاست‌ها و قوانینی که به حفاظت از محیط‌زیست کمک می‌کند، مانند قوانین محدودکننده آلاینده‌ها از صنایع و تولیدات مختلف، می‌تواند به کاهش آلودگی هوا کمک کند.


این اقدامات، در کنار آگاهی و همکاری عمومی، می‌تواند به کاهش آلودگی هوا و بهبود کیفیت زندگی انسان‌ها و سایر موجودات کمک کند."
وانمود کنید که مدیر پروژه یک شرکت ساختمانی هستید. زمانی را توصیف کنید که مجبور به گرفتن یک تصمیم دشوار شدید.,"به عنوان مدیر پروژه در یک شرکت ساختمانی، یک بار مجبور شدم تصمیمی دشوار بگیرم که تأثیر زیادی بر روند پروژه و همچنین تیم کاری داشت. در یکی از پروژه‌ها، به دلیل تغییرات ناگهانی در قوانین شهری، نیاز به اصلاحاتی در طرح اولیه داشتیم که هزینه‌ها را به طور قابل توجهی افزایش می‌داد. همچنین این اصلاحات باعث تأخیر در زمان‌بندی پروژه می‌شد.
باید تصمیم می‌گرفتم که آیا هزینه‌ها را قبول کنم و زمان پروژه را تمدید کنم، یا با تیم طراحی و مهندسی همکاری بیشتری داشته باشم تا تغییرات را با حداقل هزینه و تأخیر پیاده‌سازی کنیم. این تصمیم، به ویژه از آنجا که فشار زیادی از سوی مشتری برای تحویل به موقع پروژه وجود داشت، واقعاً چالش‌برانگیز بود.
بعد از مشاوره با تیم فنی و بررسی دقیق هزینه‌ها و گزینه‌های مختلف، تصمیم گرفتم تا با مشتری شفاف و صادقانه در مورد چالش‌ها صحبت کنم و او را در جریان مشکلات و گزینه‌های موجود قرار دهم. در نهایت، با همکاری تیم و همفکری با مشتری، توانستیم تغییرات را با حداقل تأثیر مالی و زمانی اجرا کنیم و پروژه را به موقع به اتمام برسانیم.
این تجربه به من یاد داد که در تصمیم‌گیری‌های دشوار، شفافیت، همکاری و تفکر استراتژیک می‌تواند بهترین نتیجه را به همراه داشته باشد."
"خلاصه‌ای کوتاه از متن زیر بنویسید: ""کمودور ۶۴ (که معمولاً با نام C64 یا CBM 64 شناخته می‌شود) توسط شرکت کمودور بیزینس ماشین (CBM) در آگوست ۱۹۸۲ با قیمت اولیه ۵۹۵ دلار تولید شد. این یک کامپیوتر خانگی ۸ بیتی با موفقیت چشمگیر در بازار بود. بین سال‌های ۱۹۸۳ تا ۱۹۸۶، فروش C64 به حدود ۱۷ میلیون دستگاه رسید و آن را به پرفروش‌ترین مدل کامپیوتر شخصی در تمام دوران بین سال‌های ۱۹۸۳-۱۹۸۶ تبدیل کرد. علاوه بر این، کمودور ۶۴ با سهمی بین ۳۰٪ تا ۴۰٪ و فروش ۲ میلیون دستگاه در سال، بر بازار تسلط داشت و از کامپیوترهای کلون IBM PC، کامپیوترهای اپل و کامپیوترهای آتاری پیشی گرفت. سام ترامیل (رئیس سابق آتاری) در مصاحبه‌ای در سال ۱۹۸۹ با افزودن به موفقیت آنها گفت که آنها برای چند سال، ماهانه ۴۰۰,۰۰۰ دستگاه C64 می‌ساختند.""",کمودور ۶۴ (C64) یک کامپیوتر خانگی ۸ بیتی بود که توسط شرکت کمودور بیزینس ماشین در آگوست ۱۹۸۲ با قیمت ۵۹۵ دلار تولید شد. این کامپیوتر با فروش ۱۷ میلیون دستگاه بین سال‌های ۱۹۸۳ تا ۱۹۸۶، پرفروش‌ترین مدل کامپیوتر شخصی شد و توانست بر بازار تسلط پیدا کند. C64 سهم بازار بین ۳۰٪ تا ۴۰٪ داشت و از رقبای خود مانند IBM PC، اپل و آتاری پیشی گرفت.
توضیح دهید چرا کسر زیر معادل ۱/۴ است: ۴/۱۶,"کسر 416\frac{4}{16}164​ معادل 14\frac{1}{4}41​ است چون می‌توانیم صورت و مخرج این کسر را بر ۴ تقسیم کنیم:


صورت کسر: 4÷4=14 \div 4 = 14÷4=1


مخرج کسر: 16÷4=416 \div 4 = 416÷4=4


بنابراین، کسر 416\frac{4}{16}164​ به 14\frac{1}{4}41​ ساده می‌شود."
یک داستان کوتاه با روایت سوم شخص در مورد شخصیتی بنویسید که باید یک تصمیم شغلی مهم بگیرد.,"سینا مدت‌ها بود که در یک دوراهی قرار گرفته بود. او در یک شرکت بزرگ مشغول به کار بود، جایی که حقوق خوبی دریافت می‌کرد و از امنیت شغلی برخوردار بود. اما در دلش یک احساس ناخوشایند داشت؛ چیزی کم بود، حس می‌کرد که درگیر روزمرگی شده و از آن شور و اشتیاقی که زمانی نسبت به کارش داشت، خبری نیست.
یک روز، او پیشنهادی از یک استارتاپ کوچک دریافت کرد. این استارتاپ در زمینه تکنولوژی‌های نوین فعالیت می‌کرد و به نظر می‌رسید که محیطی پر از چالش‌های جدید و هیجان‌انگیز باشد. اما همانطور که سنجیده و دقیق به پیشنهاد نگاه می‌کرد، همه چیز مبهم به نظر می‌رسید. حقوق اولیه کمتر از شرکت فعلی بود و خطر شکست این استارتاپ هم وجود داشت. تصمیم‌گیری در این شرایط برای سینا بسیار سخت شده بود.
روزها به همین منوال می‌گذشت. سینا به دقت جوانب مثبت و منفی هر دو پیشنهاد را بررسی می‌کرد. در یک روز آفتابی، به خانه برگشت و در حالی که روی مبل نشسته بود، به زندگی‌ای که در آینده می‌توانست داشته باشد فکر کرد. در یک طرف، دنیای امن و بدون ریسک شرکت بزرگ بود که به او امکان رشد تدریجی و مطمئن می‌داد. در طرف دیگر، فرصتی برای آغاز چیزی جدید و هیجان‌انگیز که ممکن بود زندگی حرفه‌ای‌اش را دگرگون کند، اما با ریسک‌های زیادی همراه بود.
همان شب، با خود فکر کرد که آیا ترجیح می‌دهد همیشه در امن‌ترین موقعیت‌ها بماند و از خطر دوری کند، یا به سمت چیزی برود که ممکن بود او را به اوج موفقیت برساند، یا شاید هم به شکست منتهی شود. به این فکر کرد که وقتی پیر شود و به گذشته نگاه کند، چه چیزی بیشتر برایش اهمیت خواهد داشت: امنیت یا جرئت دنبال کردن آرزوهایش؟
در نهایت، تصمیم گرفت که خطر کند. سینا پیشنهاد استارتاپ را پذیرفت. او می‌دانست که این مسیر پر از چالش خواهد بود، اما در دلش احساس می‌کرد که در نهایت تصمیم درستی گرفته است. این تصمیم، نه تنها زندگی شغلی او را تغییر داد، بلکه به او این اعتماد به نفس را داد که همیشه می‌تواند در برابر سختی‌ها بایستد و از آنها به عنوان فرصتی برای رشد استفاده کند.
سینا حالا هر روز صبح با شور و شوق به محل کار جدیدش می‌رفت، چون می‌دانست که زندگی‌اش را خودش انتخاب کرده است."
این جمله را از نظر اشتباهات املایی و گرامری ارزیابی کنید He finnished his meal and left the resturant,"جمله مورد نظر شما دارای دو اشتباه املایی است:


""finnished"" باید ""finished"" باشد.


""resturant"" باید ""restaurant"" باشد.


جمله صحیح به این صورت خواهد بود:
""He finished his meal and left the restaurant."""
ژولیوس سزار چگونه درگذشت؟,"ژولیوس سزار، یکی از بزرگ‌ترین رهبران روم باستان، در تاریخ ۱۵ مارس ۴۴ قبل از میلاد (که به نام ""روز ایِدهای مارس"" شناخته می‌شود) توسط گروهی از سناتور‌های رومی به رهبری براوتوس و کاسیوس ترور شد. این سناتورها، که برخی از آن‌ها دوستان نزدیک سزار بودند، از قدرت روزافزون او و تهدیدی که به جمهوری روم وارد می‌کرد، نگران بودند.
ترور سزار در ساختمان سنای روم رخ داد. وقتی سزار وارد سنای روم شد، او با حمله ناگهانی گروهی از سناتورها روبه‌رو شد که به او ضربات متعددی وارد کردند. در نهایت، او با ۲۳ ضربه چاقو کشته شد. معروف‌ترین لحظه در این واقعه زمانی بود که سزار هنگام حمله یکی از قاتلان خود، براوتوس، را شناسایی کرد و با گفتن عبارت معروف ""ای تو هم، فرزندم براوتوس؟"" (Et tu, Brute?) به او اشاره کرد، که نشان‌دهنده احساس خیانت شدید سزار بود."
پایتخت فرانسه کجاست؟,پایتخت فرانسه پاریس است. این شهر یکی از مهم‌ترین و معروف‌ترین شهرهای جهان است و به عنوان مرکز فرهنگی، اقتصادی و سیاسی فرانسه شناخته می‌شود.
فهرستی از ده موردی که یک شخص ممکن است برای سفر کمپینگ نیاز داشته باشد، تهیه کنید.,"در سفر کمپینگ، بسته به شرایط، برخی وسایل ضروری هستند که به راحتی می‌توانند تجربه‌ای راحت و ایمن فراهم کنند. در اینجا فهرستی از ۱۰ مورد ضروری برای یک کمپینگ آورده شده است:


چادر: برای پناهگاه شبانه و محافظت در برابر شرایط آب و هوایی.


کیسه خواب: برای حفظ گرما و راحتی هنگام خواب.


کفش مناسب پیاده‌روی: برای راحتی در مسیرهای پیاده‌روی و شرایط مختلف زمین.


چراغ قوه یا چراغ‌ LED: برای روشنایی شب و حرکت در تاریکی.


کیت کمک‌های اولیه: شامل بانداژ، داروهای ضروری و لوازم بهداشتی برای مقابله با مشکلات کوچک بهداشتی.


آب‌معدنی و بطری آب: برای اطمینان از دسترسی به آب تمیز و قابل نوشیدن.


ابزار چندکاره (چاقوی کمپینگ): برای کارهای مختلف مانند برش، باز کردن بسته‌ها و تعمیرات ساده.


تجهیزات پخت و پز (مثل اجاق، قابلمه یا گاز پیک نیک): برای آماده کردن غذا در طبیعت.


لباس‌های مناسب و ضد آب: برای مقابله با تغییرات آب و هوایی و حفظ راحتی.


کرم ضد آفتاب و دافع حشرات: برای محافظت از پوست در برابر آفتاب و حشرات.


این وسایل می‌توانند تجربه کمپینگ شما را راحت‌تر و ایمن‌تر کنند."
درباره علل رکود بزرگ بحث کنید.,"رکود بزرگ (Great Depression) یک بحران اقتصادی جهانی بود که از اواخر دهه 1920 تا اوایل دهه 1930 ادامه داشت و تأثیرات آن بر اقتصاد جهانی شدید و پایدار بود. این بحران به علت‌های مختلفی ایجاد شد که به صورت زیر می‌توان به مهم‌ترین علل آن اشاره کرد:
1. کاهش تولید صنعتی و کشاورزی
در دهه 1920، بسیاری از کشورها با تولید بیش از حد کالا مواجه شدند که تقاضا برای آن‌ها کاهش یافت. این موضوع باعث کاهش قیمت‌ها و بحران در بازارهای صنعتی و کشاورزی شد. کاهش درآمد کشاورزان و کارگران صنعتی، به همراه بیکاری گسترده، زمینه‌ساز رکود اقتصادی شد.
2. بحران بورس (وال استریت) و سقوط بازار سهام
در 29 اکتبر 1929، معروف به ""سه‌شنبه سیاه""، بازار بورس آمریکا سقوط شدیدی را تجربه کرد. قیمت سهام به طور ناگهانی کاهش یافت و بسیاری از سرمایه‌گذاران نتواستند بدهی‌های خود را بازپرداخت کنند. این سقوط بازار بورس نه تنها خسارت زیادی به سرمایه‌گذاران وارد کرد، بلکه به بروز عدم اعتماد در سیستم مالی و کاهش شدید سرمایه‌گذاری‌ها منجر شد.
3. کمبود نقدینگی و مشکلات بانکی
یکی از دلایل رکود بزرگ، بحران بانکی بود. در پی سقوط بورس، بسیاری از بانک‌ها ورشکسته شدند و سپرده‌های مردم از دست رفت. این کمبود نقدینگی باعث شد تا موسسات مالی قادر به اعطای وام و اعتبار به کسب‌وکارها نباشند و در نتیجه، بسیاری از شرکت‌ها به دلیل کمبود سرمایه دچار رکود شدند.
4. سیاست‌های مالی غلط و حمایت از بازار داخلی
دولت‌های بسیاری در آن دوران تصمیم گرفتند که به‌جای حمایت از تجارت جهانی، از سیاست‌های اقتصادی حمایت از بازار داخلی پیروی کنند. قانون تعرفه اسموت-هالی در آمریکا، که در 1930 تصویب شد، تعرفه‌های سنگینی بر واردات کالا وضع کرد. این کار باعث کاهش تجارت بین‌المللی شد و به رکود جهانی دامن زد.
5. کاهش سرمایه‌گذاری و تقاضا
با وقوع بحران، اعتماد به بازارهای مالی و سرمایه‌گذاری کاهش یافت. کسب‌وکارها تمایلی به سرمایه‌گذاری در پروژه‌های جدید نداشتند و تقاضا برای کالا و خدمات نیز به شدت کاهش یافت. این کاهش تقاضا منجر به کاهش تولید و افزایش بیکاری شد.
6. سیاست‌های پولی اشتباه
بانک مرکزی ایالات متحده، فدرال رزرو، در ابتدای بحران تصمیم به افزایش نرخ بهره و کاهش عرضه پول گرفت. این سیاست به افزایش بحران کمک کرد، زیرا موجب تشدید بحران نقدینگی و سخت‌تر شدن شرایط وام‌دهی برای کسب‌وکارها و افراد شد.
7. اعتماد عمومی و ترس از آینده
با ادامه بحران اقتصادی و بحران‌های مالی، اعتماد عمومی به سیستم اقتصادی و دولت‌ها به شدت کاهش یافت. مردم ترس داشتند که پول‌های خود را از دست بدهند و در نتیجه شروع به پس‌انداز بیشتر و کاهش مصرف کردند. این رفتار، خود به رکود اقتصادی بیشتر دامن زد.
8. بحران‌های کشاورزی و کمبود منابع طبیعی
در دهه 1920، کشاورزان آمریکا و بسیاری از کشورهای دیگر با مشکلات جدی در بخش کشاورزی روبه‌رو بودند. خشکسالی‌های شدید، کاهش قیمت محصولات کشاورزی و تقاضای کم برای محصولات کشاورزی باعث شد بسیاری از کشاورزان ورشکسته شوند و این به بحران اقتصادی عمومی اضافه کرد.
9. نوسانات اقتصادی جهانی و جنگ جهانی اول
اقتصاد جهانی پس از جنگ جهانی اول با مشکلات زیادی روبه‌رو بود. بسیاری از کشورها بدهی‌های سنگینی داشتند و پس از جنگ، تلاش کردند تا اقتصاد خود را بازسازی کنند. این فشارها و مشکلات اقتصادی به ناپایداری‌های اقتصادی در سطح جهانی دامن زد.
در نهایت، رکود بزرگ نتیجه مجموعه‌ای از عوامل اقتصادی، سیاسی و اجتماعی بود که به هم پیوسته و بحران‌های داخلی و بین‌المللی را ایجاد کردند. این بحران تا سال‌ها ادامه داشت و تأثیرات آن در شکل‌گیری سیاست‌ها و اصلاحات اقتصادی در کشورهای مختلف محسوس بود."
موارد زیر را به حیوانات، گیاهان و مواد معدنی طبقه‌بندی کنید: درخت بلوط، سنگ مس، فیل,"موارد زیر را می‌توان به دسته‌های حیوانات، گیاهان و مواد معدنی به این صورت طبقه‌بندی کرد:


حیوانات: فیل


گیاهان: درخت بلوط


مواد معدنی: سنگ مس"
کاربرد تعبیه‌سازی کلمات (word embeddings) در پردازش زبان طبیعی را توضیح دهید.,"تعبیه‌سازی کلمات (Word Embeddings) در پردازش زبان طبیعی (NLP) یکی از روش‌های مهم برای تبدیل کلمات به بردارهای عددی (وکتور) است که به مدل‌های یادگیری ماشین این امکان را می‌دهد که معنا و روابط بین کلمات را بهتر درک کنند. در این روش، هر کلمه به یک وکتور با ابعاد خاص تبدیل می‌شود که در آن کلمات مشابه به یکدیگر نزدیک‌تر هستند. این وکتورها می‌توانند ویژگی‌هایی مانند شباهت معنایی، رابطه دستوری و حتی هم‌معنایی کلمات را نشان دهند.
کاربردهای اصلی تعبیه‌سازی کلمات عبارتند از:


بهبود درک معنایی:
تعبیه‌سازی کلمات، مشابهت‌های معنایی بین کلمات را در فضاهای برداری نشان می‌دهد. برای مثال، در یک فضای تعبیه‌سازی خوب، کلمات ""پادشاه"" و ""ملکه"" یا ""پسر"" و ""دختر"" باید به یکدیگر نزدیک باشند. این به مدل‌های پردازش زبان طبیعی کمک می‌کند تا رابطه‌های معنایی بین کلمات را بهتر درک کنند.


کاهش ابعاد:
در پردازش زبان طبیعی، کلمات معمولاً به صورت یک مجموعه بزرگ از ویژگی‌ها (مثل شمارش تکرار کلمات) نمایش داده می‌شوند. استفاده از تعبیه‌سازی کلمات این امکان را فراهم می‌آورد که تعداد ویژگی‌ها به ابعادی کوچک‌تر و قابل مدیریت‌تر کاهش یابد، در حالی که هنوز اطلاعات معنایی مهم حفظ می‌شود.


کاربرد در وظایف مختلف NLP:


ترجمه ماشینی: تعبیه‌سازی کلمات می‌تواند به مدل‌های ترجمه ماشینی کمک کند تا کلمات مشابه در زبان‌های مختلف را در فضای مشابهی قرار دهند.


تحلیل احساسات: در تحلیل احساسات، تعبیه‌سازی کلمات به مدل کمک می‌کند تا کلمات با بار احساسی مشابه را شناسایی کند.


تشخیص موجودیت‌های نام‌برده (NER): برای شناسایی نام‌ مکان‌ها، افراد و سازمان‌ها، مدل‌های تعبیه‌سازی می‌توانند روابط معنایی و ساختار زبان را بهتر درک کنند.


سوالات و پاسخ‌ها: در سیستم‌های پرسش و پاسخ، تعبیه‌سازی کلمات به مدل کمک می‌کند تا سوالات و پاسخ‌ها را از نظر معنایی مقایسه و تطبیق دهد.




جایگزینی ویژگی‌های دستی:
قبل از تعبیه‌سازی کلمات، بسیاری از ویژگی‌های زبان طبیعی به صورت دستی استخراج می‌شدند (مثل ""کیسه کلمات"" یا BoW). با استفاده از تعبیه‌سازی کلمات، نیازی به این ویژگی‌های دستی نیست و مدل می‌تواند خود به‌طور خودکار ویژگی‌های مهم را یاد بگیرد.


شباهت و تشابه بین کلمات:
با استفاده از تعبیه‌سازی، می‌توان شباهت بین کلمات را اندازه‌گیری کرد. برای مثال، می‌توان با استفاده از محاسبه فاصله کسینوسی (Cosine Similarity) یا دیگر متریک‌ها، میزان شباهت معنایی دو کلمه را به‌طور عددی سنجید.


نمونه‌های معروف:


Word2Vec: یکی از مدل‌های معروف برای تعبیه‌سازی کلمات است که به روش‌های Skip-gram و CBOW (Continuous Bag of Words) معروف است.


GloVe: یک مدل دیگر است که به تعبیه‌سازی کلمات می‌پردازد و از تحلیل ماتریس هم‌پیوستگی‌های کلمات استفاده می‌کند.


FastText: یک مدل دیگر است که به صورت خاص روی کلمات و زیرکلمات تمرکز دارد و قادر به پردازش کلمات ناآشنا یا ترکیب‌های کلمه‌ای جدید است.


نتیجه‌گیری:
تعبیه‌سازی کلمات اساساً روشی برای تبدیل کلمات به وکتورهایی است که برای مدل‌های پردازش زبان طبیعی قابل فهم‌تر و پردازش‌پذیرتر است. این تکنیک به مدل‌ها کمک می‌کند تا اطلاعات معنایی و روابط دستوری کلمات را به شکلی دقیق‌تر درک کنند و در نتیجه عملکرد بهتری در بسیاری از وظایف NLP داشته باشند."
عملکرد مادربرد کامپیوتر را توصیف کنید.,"مادربرد (Motherboard) یکی از اجزای اصلی و حیاتی در یک کامپیوتر است که به عنوان ""پایه"" یا ""هسته"" سیستم عمل می‌کند. مادربرد مجموعه‌ای از اجزاء و اتصالات مختلف را در خود جای می‌دهد که عملکرد صحیح و هماهنگ سایر قطعات کامپیوتر را تضمین می‌کند. در اینجا برخی از عملکردهای مهم مادربرد را توضیح می‌دهیم:
1. اتصال و ارتباط قطعات مختلف
مادربرد به عنوان نقطه‌ی مرکزی ارتباط میان تمام اجزای کامپیوتر عمل می‌کند. این قطعه انواع مختلف پورت‌ها و سوکت‌ها را برای اتصال قطعات مختلف نظیر:


پردازنده (CPU)


حافظه (RAM)


کارت گرافیک (GPU)


دیسک سخت یا SSD (HDD/SSD)


کارت‌های صدای خارجی


پورت‌های USB، Ethernet، و سایر ورودی‌ها/خروجی‌ها


فراهم می‌کند.
2. توزیع برق به قطعات مختلف
مادربرد برق را از منبع تغذیه دریافت کرده و آن را به صورت مناسب به اجزای مختلف کامپیوتر توزیع می‌کند. این شامل تأمین برق برای پردازنده، حافظه، کارت‌های جانبی و سایر قطعات است.
3. مدیریت داده‌ها و ارتباطات داخلی
مادربرد مسیرهای داده‌ای را برای ارتباط بین پردازنده (CPU)، حافظه (RAM) و دیگر اجزاء مانند کارت‌های گرافیک یا ذخیره‌سازی فراهم می‌آورد. این ارتباطات معمولاً از طریق Bus‌ها و پورت‌های داده انجام می‌شود.
4. کنترل ورودی و خروجی (I/O)
مادربرد کنترل ورودی و خروجی‌های مختلف را بر عهده دارد. این شامل پورت‌های USB، پورت‌های صوتی، شبکه، HDMI، پورت‌های VGA و موارد مشابه می‌شود. مادربرد همچنین از کیبورد، موس، چاپگر و دستگاه‌های دیگر ورودی/خروجی پشتیبانی می‌کند.
5. حافظه موقت و ذخیره‌سازی
مادربرد با حافظه‌های موقت (RAM) و ذخیره‌سازی (هارد دیسک، SSD) ارتباط برقرار می‌کند. اطلاعاتی که نیاز به دسترسی سریع دارند، در حافظه موقت ذخیره می‌شوند، در حالی که داده‌های دائمی در دستگاه‌های ذخیره‌سازی قرار می‌گیرند.
6. پشتیبانی از کارت‌های توسعه
مادربرد معمولاً شامل چندین شکاف یا اسلات PCI است که به شما این امکان را می‌دهد که کارت‌های توسعه مانند کارت گرافیک، کارت صدای خارجی، کارت شبکه و کارت‌های دیگر را نصب کنید.
7. پشتیبانی از پردازنده‌ها (CPU)
مادربرد به نوع و مدل پردازنده‌ای که می‌تواند از آن پشتیبانی کند، محدود است. سوکت‌های پردازنده (مانند سوکت‌های Intel یا AMD) در مادربرد وجود دارند که پردازنده‌ها روی آن‌ها نصب می‌شوند. مادربرد باید با پردازنده هماهنگ باشد تا عملکرد صحیح داشته باشد.
8. ارتباط با دستگاه‌های خارجی
مادربرد همچنین ارتباط با دستگاه‌های خارجی مانند نمایشگرها، پرینترها، بلندگوها و دیگر دستگاه‌ها را از طریق پورت‌های مختلف فراهم می‌کند. این پورت‌ها می‌توانند شامل HDMI، DisplayPort، VGA و USB باشند.
9. سیستم BIOS/UEFI
مادربرد شامل یک چیپ BIOS (یا UEFI در مدل‌های جدیدتر) است که وظیفه راه‌اندازی اولیه سیستم را بر عهده دارد. این سیستم‌های نرم‌افزاری برای انجام فرآیند بوت شدن و تنظیمات اولیه کامپیوتر به کار می‌روند.
10. مدیریت دمای قطعات
مادربرد به مانیتورینگ دما و مدیریت تهویه کمک می‌کند. معمولاً شامل سنسورهایی برای نظارت بر دمای قطعات مختلف مانند پردازنده و کارت گرافیک است. همچنین برای خنک‌سازی بهتر، اتصالاتی برای نصب فن‌ها و سیستم‌های خنک‌کننده ارائه می‌دهد.
نتیجه‌گیری:
مادربرد در کامپیوتر به عنوان یک پل ارتباطی بین تمام اجزای داخلی و خارجی عمل می‌کند و بسیاری از عملکردهای اصلی سیستم کامپیوتری را به عهده دارد. از مدیریت برق و داده‌ها گرفته تا ارائه پورت‌ها و امکانات لازم برای اتصال دستگاه‌ها، این قطعه اساساً تمامی تعاملات داخلی و خارجی کامپیوتر را هماهنگ می‌کند."
"این کد را بازنویسی کرده و کامنت اضافه کنید. def factorialize(num): factorial = 1 for i in range(1, num): factorial *= i  return factorial","در اینجا کد بازنویسی شده با کامنت‌های توضیحی آورده شده است:
pythonCopyEditdef factorialize(num):
    # بررسی اگر ورودی منفی باشد
    if num < 0:
        return ""ورودی نمی‌تواند منفی باشد""  # بازگشت پیام خطا برای ورودی منفی
    
    factorial = 1  # مقدار اولیه فاکتوریل 1 است
    # حلقه از 1 تا عدد ورودی برای محاسبه فاکتوریل
    for i in range(1, num + 1):  # از 1 تا عدد ورودی (شامل num) 
        factorial *= i  # ضرب کردن مقدار فاکتوریل در عدد فعلی
    
    return factorial  # بازگشت نتیجه فاکتوریل

توضیحات:


بررسی ورودی منفی: پیش از شروع محاسبه فاکتوریل، کد بررسی می‌کند که آیا ورودی منفی است یا خیر. اگر منفی باشد، پیامی به کاربر باز می‌گرداند.


مقدار اولیه فاکتوریل: مقدار اولیه فاکتوریل برابر 1 در نظر گرفته شده است.


حلقه for: حلقه از 1 تا num (شامل خود num) تکرار می‌شود و در هر تکرار، فاکتوریل در عدد فعلی ضرب می‌شود.


نتیجه فاکتوریل: در انتها، فاکتوریل محاسبه‌شده برگردانده می‌شود.


نکته:
در نسخه اولیه شما، حلقه range(1, num) تنها تا num - 1 تکرار می‌کند، اما برای محاسبه فاکتوریل کامل، باید از 1 تا num (شامل num) تکرار شود."
یک راه حل اخلاقی برای مشکل حریم خصوصی داده‌ها پیشنهاد دهید.,"یک راه‌حل اخلاقی برای مشکل حریم خصوصی داده‌ها می‌تواند شامل مجموعه‌ای از اصول و اقدامات باشد که به حقوق کاربران احترام می‌گذارد و در عین حال اطمینان می‌دهد که داده‌ها به درستی و به‌صورت مسئولانه استفاده می‌شوند. یکی از این راه‌حل‌ها می‌تواند ""قانون‌گذاری دقیق و شفاف همراه با حفاظت از داده‌ها و شفافیت در استفاده از اطلاعات"" باشد.
اصول و اقدامات:


جمع‌آوری حداقلی داده‌ها (Data Minimization):
سازمان‌ها باید تنها داده‌هایی را جمع‌آوری کنند که به‌طور مستقیم برای ارائه خدمات یا انجام وظایف مشخص ضروری هستند. این یعنی باید از جمع‌آوری داده‌های اضافی و غیرضروری جلوگیری کرد.


رضایت آگاهانه و شفاف (Informed Consent):
قبل از جمع‌آوری داده‌ها، باید از کاربران خواسته شود که رضایت آگاهانه خود را از طریق یک فرآیند واضح و قابل درک برای جمع‌آوری و استفاده از داده‌هایشان اعلام کنند. این رضایت باید قابل لغو باشد و کاربران قادر به تغییر یا حذف داده‌های خود در هر زمان باشند.


حفاظت از داده‌ها (Data Protection):
داده‌های شخصی باید به صورت امن ذخیره و پردازش شوند. این شامل استفاده از رمزگذاری مناسب، دسترسی محدود به داده‌ها و محافظت در برابر تهدیدات سایبری می‌شود. همچنین از روش‌های کنترل دسترسی برای محدود کردن دسترسی به داده‌ها تنها به افرادی که نیاز دارند، باید استفاده کرد.


حق دسترسی و اصلاح داده‌ها (Access and Correction Rights):
کاربران باید حق دسترسی به داده‌های خود را داشته باشند و در صورتی که اطلاعات نادرستی ارائه داده شده باشد، باید قادر به اصلاح آن‌ها باشند. این به کاربران این امکان را می‌دهد که بر داده‌های شخصی خود کنترل داشته باشند.


شفافیت در استفاده از داده‌ها (Transparency):
سازمان‌ها باید به وضوح اعلام کنند که داده‌ها چگونه جمع‌آوری، ذخیره و استفاده می‌شوند. این شفافیت به کاربران کمک می‌کند تا بدانند که اطلاعات آن‌ها چگونه و چرا مورد استفاده قرار می‌گیرد.


حذف داده‌ها پس از استفاده (Data Retention and Deletion):
داده‌ها باید تنها برای مدت زمان لازم نگهداری شوند و پس از آن باید به‌طور ایمن حذف شوند. این امر از انباشت اطلاعات غیرضروری و نقض حریم خصوصی جلوگیری می‌کند.


آموزش و آگاهی‌دهی به کاربران:
سازمان‌ها باید به کاربران خود آموزش دهند که چگونه حریم خصوصی خود را حفظ کنند، مانند نحوه مدیریت تنظیمات حریم خصوصی در سیستم‌ها و نرم‌افزارها، و آگاهی از خطرات بالقوه امنیتی.


اطلاع‌رسانی در صورت نقض داده‌ها (Data Breach Notification):
در صورتی که داده‌ها به صورت غیرمجاز فاش شوند یا دچار نقض امنیتی شوند، سازمان باید کاربران را به سرعت از این موضوع آگاه سازد و اقدامات اصلاحی را برای کاهش آسیب‌های احتمالی انجام دهد.


نتیجه‌گیری:
راه‌حل اخلاقی برای حریم خصوصی داده‌ها باید در درجه اول به حقوق و آزادی‌های فردی احترام بگذارد و از داده‌های شخصی به صورت مسئولانه و با دقت محافظت کند. این امر نه تنها اعتماد کاربران را جلب می‌کند، بلکه موجب تقویت روابط بلندمدت و پایدار میان سازمان‌ها و کاربران می‌شود."
"سه فعل که به معنای ""عذرخواهی کردن"" هستند، ایجاد کنید.","در زبان فارسی، سه فعل که به معنای ""عذرخواهی کردن"" هستند عبارتند از:


پوزش طلبیدن


ببخشیدن


عذرخواهی کردن


این افعال همگی به مفهوم ابراز پشیمانی یا درخواست بخشش برای اشتباه یا نادرستی هستند."
DNA مخفف چیست؟,"DNA مخفف عبارت ""Deoxyribonucleic Acid"" است که به فارسی به معنی ""اسید دئوکسی ریبونوکلئیک"" می‌باشد. DNA مولکولی است که اطلاعات ژنتیکی را ذخیره می‌کند و نقشی اساسی در وراثت و عملکرد سلول‌ها ایفا می‌کند. این مولکول ساختار دوگانه‌ای به شکل مارپیچ دارد که به آن ""دو رشته‌ای مارپیچ"" گفته می‌شود."
بحران موشکی کوبا و جنگ ویتنام را مقایسه و تضاد آنها را بیان کنید.,"بحران موشکی کوبا و جنگ ویتنام هر دو از مهم‌ترین رویدادهای جنگ سرد هستند که تأثیر زیادی بر روابط بین‌الملل، به ویژه میان ایالات متحده آمریکا و اتحاد جماهیر شوروی داشتند. با این حال، این دو بحران از جنبه‌های مختلف تفاوت‌ها و شباهت‌هایی دارند. در ادامه به مقایسه و تضاد این دو رویداد پرداخته می‌شود:
1. ماهیت و علت بحران‌ها


بحران موشکی کوبا (1962):


این بحران به دنبال کشف موشک‌های بالستیک شوروی در کوبا شکل گرفت. در حقیقت، شوروی قصد داشت که با استقرار موشک‌های هسته‌ای در کوبا، تهدیدی مستقیم برای ایالات متحده ایجاد کند.


علت اصلی این بحران، رقابت بین ایالات متحده و اتحاد جماهیر شوروی در دوران جنگ سرد و ترس هر دو طرف از دست دادن برتری هسته‌ای بود.


بحران موشکی کوبا بیشتر جنبه دیپلماتیک و تهدید مستقیم به امنیت جهانی داشت و تنها چند روز با جنگ هسته‌ای فاصله داشت.




جنگ ویتنام (1955-1975):


جنگ ویتنام یک درگیری طولانی‌مدت بود که بین شمال ویتنام (که از حمایت شوروی و چین برخوردار بود) و جنوب ویتنام (که توسط ایالات متحده حمایت می‌شد) اتفاق افتاد.


این جنگ ناشی از تلاش ایالات متحده برای مهار کمونیسم در آسیای جنوب شرقی و جلوگیری از گسترش نفوذ شوروی و چین در منطقه بود.


در این جنگ، ایالات متحده درگیر یک جنگ غیر هسته‌ای و پرهزینه بود که در آن جنگ‌افزارهای پیشرفته و استراتژی‌های پیچیده به کار گرفته شدند.




2. میزان تنش و خطر برای جنگ جهانی


بحران موشکی کوبا:


این بحران به دلیل تهدید مستقیم هسته‌ای از سوی اتحاد جماهیر شوروی، بسیار خطرناک بود و جهان را به مرز جنگ هسته‌ای کشاند.


اگرچه در نهایت با توافق دیپلماتیک بین جان اف کندی و نیکیتا خروشچف بحران به پایان رسید، اما تنها چند روز اختلاف میان این دو ابرقدرت می‌توانست به جنگ جهانی سوم و نابودی هسته‌ای منتهی شود.




جنگ ویتنام:


اگرچه جنگ ویتنام برای ایالات متحده و جهان هزینه‌های انسانی و اقتصادی سنگینی داشت، اما به طور مستقیم تهدیدی برای جنگ هسته‌ای یا جنگ جهانی نبود.


این جنگ بیشتر به عنوان یک درگیری منطقه‌ای و جنگ ایدئولوژیک میان بلوک غرب (ایالات متحده) و بلوک شرق (شوروی و چین) شناخته می‌شود.




3. شیوه‌ها و استراتژی‌های به کار رفته


بحران موشکی کوبا:


این بحران عمدتاً از طریق مذاکرات دیپلماتیک و فشار سیاسی حل شد. ایالات متحده با ایجاد محاصره دریایی (بلوکه کردن کوبا) و تهدید به حمله نظامی، بر شوروی فشار آورد.


در نهایت، خروشچف موافقت کرد که موشک‌ها را از کوبا خارج کند و در مقابل ایالات متحده نیز متعهد شد که به کوبا حمله نخواهد کرد و موشک‌های خود را از ترکیه خارج کند.




جنگ ویتنام:


در جنگ ویتنام، ایالات متحده از تاکتیک‌های نظامی گسترده، از جمله بمباران‌های سنگین و عملیات‌های زمینی، استفاده کرد.


جنگ غیرمتقارن و مقاومت ویتنامی‌ها، به ویژه تاکتیک‌های گوریلا، مشکلات زیادی برای ایالات متحده به وجود آورد و این امر باعث شد که نیروهای ایالات متحده در نهایت در سال 1973 از ویتنام خارج شوند.




4. نتایج و پیامدها


بحران موشکی کوبا:


نتیجه بحران موشکی کوبا، کاهش تنش‌ها بین ایالات متحده و شوروی بود. هر دو کشور متوجه شدند که جهان نمی‌تواند به سمت جنگ هسته‌ای حرکت کند و در پی این بحران، ""خط قرمز""های جدیدی در روابط دوجانبه تعریف شد.


همچنین، پس از بحران، دو کشور تصمیم به راه‌اندازی ""خط تلفن داغ"" گرفتند تا در مواقع بحرانی بتوانند به سرعت با یکدیگر ارتباط برقرار کنند.




جنگ ویتنام:


جنگ ویتنام به شکست ایالات متحده و خروج نهایی آن از ویتنام منجر شد. این جنگ به شدت بر افکار عمومی آمریکا تأثیر گذاشت و سبب کاهش اعتماد به سیاست‌های دولت و ارتش ایالات متحده شد.


در نهایت، ویتنام به عنوان یک کشور کمونیستی متحد با شوروی و چین باقی ماند، و این جنگ به عنوان یکی از نمادهای ناکامی‌های ایالات متحده در جنگ سرد ثبت شد.




نتیجه‌گیری:
در حالی که بحران موشکی کوبا یک بحران کوتاه‌مدت و بسیار خطرناک با تهدید جنگ هسته‌ای بود که عمدتاً از طریق دیپلماسی حل شد، جنگ ویتنام یک درگیری طولانی‌مدت و پیچیده بود که ایالات متحده را به چالش کشید و به شکست آن منجر شد. هر دو رویداد نشان‌دهنده تلاش‌های ایالات متحده برای مقابله با گسترش کمونیسم در دوران جنگ سرد بودند، اما از جنبه‌های مختلف به شدت با یکدیگر تفاوت داشتند."
فهرستی از کلمات تصادفی ایجاد کنید.,"در اینجا فهرستی از کلمات تصادفی آورده شده است:


درخت


آفتاب


کتاب


پرنده


شهر


دریا


سایه


کوه


قلب


ابر


لبخند


موسیقی


شب


خاک


رنگ


مسیر


شجاعت


سنگ


گل


قمر"
بر اساس اطلاعات ارائه شده، جمله را با تغییر زمان آن از گذشته به آینده بازنویسی کنید. او ساعت‌ها به زیبایی پیانو زد و سپس چون نیمه‌شب بود، متوقف شد.,"جمله با تغییر زمان از گذشته به آینده به این صورت خواهد بود:
""او ساعت‌ها به زیبایی پیانو خواهد زد و سپس چون نیمه‌شب خواهد بود، متوقف خواهد شد."""
مشهورترین نقاش جهان کیست؟,"مشهورترین نقاش جهان به طور عمومی لئوناردو دا وینچی شناخته می‌شود. او یک نقاش، دانشمند، مخترع و مهندس ایتالیایی در دوره رنسانس بود و آثارش در تاریخ هنر بسیار تاثیرگذار است. مهم‌ترین اثر او، ""مونالیزا""، یکی از شناخته‌شده‌ترین و پرطرفدارترین نقاشی‌ها در جهان است.
همچنین میکل آنژ، وینسنت ون گوگ، پابلو پیکاسو و رافائل نیز از نقاشان مشهور و تاثیرگذار در تاریخ هنر هستند."
مفهوم گشتاور دندانه‌ای را توضیح دهید.,"گشتاور دندانه‌ای (Torque Ripple) به نوسانات یا تغییرات در گشتاور تولیدی یک موتور، به ویژه در موتورهای الکتریکی، گفته می‌شود که به علت ویژگی‌های طراحی و عملکرد سیستم‌های محرک در اثر بارگذاری متغیر ایجاد می‌شود. این پدیده بیشتر در موتورهای دندانه‌ای (مثل موتورهای سنکرون یا آسنکرون) دیده می‌شود و به معنای تغییرات در گشتاور به‌طور منظم یا دوره‌ای در طول دوران چرخش موتور است.
علل ایجاد گشتاور دندانه‌ای:
گشتاور دندانه‌ای معمولاً به دلایل زیر ایجاد می‌شود:


ساختار فیزیکی موتور:


موتورهای الکتریکی معمولاً دارای اجزای دندانه‌ای در استاتور هستند که باعث تغییرات دوره‌ای در گشتاور می‌شود. این دندانه‌ها می‌توانند باعث انحرافاتی در جریان و میدان مغناطیسی شوند که در نهایت منجر به نوسانات گشتاور می‌شود.




اختلافات در زاویه و موقعیت دندانه‌ها:


تفاوت در موقعیت دندانه‌های استاتور و رتور می‌تواند باعث ایجاد تغییرات در نیروی مغناطیسی و در نتیجه گشتاور نوسانی شود.




نوسانات میدان مغناطیسی:


میدان مغناطیسی تولید شده توسط جریان‌های الکتریکی به طور دوره‌ای تغییر می‌کند که این تغییرات باعث نوسانات گشتاور می‌شود.




اثرات گشتاور دندانه‌ای:


کاهش کارایی: گشتاور دندانه‌ای باعث کاهش کارایی موتور می‌شود، زیرا نوسانات گشتاور می‌تواند موجب کاهش دقت و ثبات عملکرد موتور شود.


صدای اضافی و لرزش: نوسانات گشتاور معمولاً باعث ایجاد لرزش‌ها و صدای اضافی در موتور می‌شود.


افزایش بار بر سیستم‌های مکانیکی: این نوسانات ممکن است به سیستم‌های مکانیکی متصل به موتور فشار وارد کند و باعث کاهش عمر مفید آن‌ها شود.


راه‌های کاهش گشتاور دندانه‌ای:


طراحی بهینه استاتور و رتور: استفاده از طراحی‌هایی که دندانه‌های صاف‌تری داشته باشند می‌تواند نوسانات گشتاور را کاهش دهد.


استفاده از موتورهای با تعداد قطب‌های بیشتر: افزایش تعداد قطب‌ها می‌تواند موجب کاهش نوسانات گشتاور در هر دور چرخش شود.


استفاده از الگوریتم‌های کنترل پیشرفته: سیستم‌های کنترل مدرن می‌توانند برای کاهش اثرات گشتاور دندانه‌ای از تکنیک‌های خاصی مانند کنترل سرعت و جریان استفاده کنند.


در مجموع، گشتاور دندانه‌ای یکی از مسائل مهم در طراحی موتورهای الکتریکی است که باید در نظر گرفته شود تا عملکرد بهینه و کارایی بالا تضمین شود."
نقطه جوش آب را جستجو کنید.,"نقطه جوش آب در فشار استاندارد (یک اتمسفر یا 101.325 کیلوپاسکال) برابر با 100 درجه سانتی‌گراد است. این دما زمانی است که فشار بخار آب با فشار محیط برابر می‌شود و آب شروع به جوشیدن می‌کند .Faradars Blog+2جهان شیمی فیزیک+2jet.ir+5Wikipedia+5Faradars Blog+5
با افزایش ارتفاع و کاهش فشار جوی، نقطه جوش آب کاهش می‌یابد. برای مثال، در ارتفاع 5000 پایی (حدود 1524 متر) از سطح دریا، فشار جوی حدود 0.836 اتمسفر است و نقطه جوش آب به حدود 95.1 درجه سانتی‌گراد می‌رسد .قهوه امیرکانوفیزیکفا+2***  فیـزیـک  ***+2
در شرایطی مانند دیگ زودپز که فشار افزایش می‌یابد، نقطه جوش آب بالاتر از 100 درجه سانتی‌گراد می‌رود. این ویژگی برای پخت سریع‌تر غذاها کاربرد دارد .***  فیـزیـک  ***
در مجموع، نقطه جوش آب به فشار محیط اطراف بستگی دارد و با تغییر فشار، دمای جوش آب نیز تغییر می‌کند.zingapp.ir+2Faradars Blog+2"
زندگی و سلطنت شاه چارلز دوم را توصیف کنید.,"شاه چارلز دوم (Charles II) پادشاه انگلستان، اسکاتلند و ایرلند بود که از 1660 تا 1685 سلطنت کرد. او به عنوان یکی از پادشاهان مهم در تاریخ انگلستان شناخته می‌شود که دوران سلطنت او با تحولات سیاسی و فرهنگی مهمی همراه بود. در اینجا به توصیف زندگی و سلطنت او پرداخته می‌شود:
1. زندگی اولیه و دوران تبعید


چارلز دوم در 29 مه 1630 در لندن به دنیا آمد. او پسر شاه چارلز اول و هنریتا ماریا از فرانسه بود.


در دوران کودکی، پدرش در جنگ‌های داخلی انگلستان با پارلمان درگیر بود. پس از اعدام پدرش در 1649، چارلز دوم به تبعید رفت و در خارج از انگلستان زندگی کرد.


دوران تبعید او در کشورهای مختلفی مانند هلند و فرانسه سپری شد، و او همچنان تلاش کرد تا سلطنت خود را بازیابی کند. این دوران تبعید با درگیری‌ها و نبردهای مختلف برای بازپس‌گیری سلطنت همراه بود.


2. بازگشت به سلطنت و رستاخیز استوارت‌ها


در سال 1660، پس از پایان جمهوری اول انگلستان و مرگ اولیور کرامول (رهبر جمهوری)، با حمایت گسترده مردم و پارلمان، چارلز دوم به انگلستان بازگشت و سلطنت خود را آغاز کرد.


بازگشت او به سلطنت به نام ""بازگشت استوارت‌ها"" شناخته می‌شود که در آن زمان بسیاری از مردم از بازگشت خاندان سلطنتی استقبال کردند.


3. دوران سلطنت


دوران سلطنت چارلز دوم به دوران ""رستاخیز استوارت‌ها"" معروف است که شاهد بازگشت به سیستم سلطنتی و پایان جمهوری اول انگلستان بود.


او به عنوان یک پادشاه مطلق‌گرا ولی در عین حال سیاسی و مصلحت‌جو عمل کرد. چارلز دوم تلاش کرد تا میان پارلمان و دربار ارتباط برقرار کند.


4. مسائل مذهبی و سیاسی


چارلز دوم در مسائل مذهبی سیاستی مدبرانه پیش گرفت. او خود کاتولیک بود، اما در طول سلطنتش به حمایت از پروتستان‌ها ادامه داد تا از وقوع تنش‌های مذهبی جلوگیری کند.


او در برخی مواقع به نظر می‌رسید که خواهان آزادی بیشتر برای کاتولیک‌هاست، اما این مسئله در نهایت باعث اعتراضات گسترده‌ای در میان پروتستان‌ها و پارلمان شد.


یکی از بزرگ‌ترین بحران‌های سیاسی دوران سلطنت او، مسئله ""اعلامیه مذهبی"" بود که به کاتولیک‌ها آزادی مذهبی می‌داد و باعث شد تا درگیری‌هایی بین شاه و پارلمان ایجاد شود.


5. فرهنگ و هنر


دوران سلطنت چارلز دوم شاهد شکوفایی فرهنگی و هنری بود. او به هنر، علم و تئاتر علاقه‌مند بود و حمایت‌های زیادی از این حوزه‌ها کرد.


تئاتر در دوران او رونق گرفت و بسیاری از نمایش‌های معروف این دوران در همین دوره به اجرا درآمدند.


همچنین، چارلز دوم از علم و نوآوری نیز حمایت می‌کرد و این دوران به عنوان دوران ""آغاز عصر علمی"" در انگلستان شناخته می‌شود.


6. روابط خارجی


در دوران سلطنت او، روابط انگلستان با فرانسه و هلند در حال تغییر بود. چارلز دوم تلاش کرد تا از این کشورها حمایت‌های اقتصادی و نظامی دریافت کند.


همچنین، در دوره سلطنت او، انگلستان به تدریج وارد مسائل استعمارگری و اکتشافات جدید شد.


7. زندگی شخصی و مرگ


چارلز دوم در زندگی شخصی خود به عنوان یک فرد آزادمنش و پرجنب و جوش شناخته می‌شد. او از زنان بسیاری ارتباطات داشت و در مجموع 12 فرزند نامشروع داشت. با این حال، او هیچگاه ازدواج نکرد و فرزندانش از رابطه‌های غیررسمی بودند.


شاه چارلز دوم در 6 فوریه 1685 درگذشت و پس از او، پسرش شاه جیمز دوم به سلطنت رسید.


نتیجه‌گیری:
سلطنت چارلز دوم، دوران پیچیده‌ای از تاریخ انگلستان بود که با بازگشت خاندان استوارت و تلاش‌های شاه برای حفظ قدرت سلطنتی همراه بود. این دوره شاهد تحولات مذهبی، سیاسی، فرهنگی و هنری مهمی بود که تأثیر زیادی بر تاریخ انگلستان گذاشت."
مساحت دایره‌ای با شعاع داده شده را پیدا کنید. شعاع = ۴,"برای محاسبه مساحت دایره، از فرمول زیر استفاده می‌کنیم:
A=πr2A = \pi r^2A=πr2
که در آن:


AAA مساحت دایره است


rrr شعاع دایره است


با قرار دادن شعاع r=4r = 4r=4 در فرمول:
A=π×42=π×16=16πA = \pi \times 4^2 = \pi \times 16 = 16\piA=π×42=π×16=16π
بنابراین، مساحت دایره برابر با 16π16\pi16π واحد مربع است. اگر π\piπ را حدود 3.14163.14163.1416 در نظر بگیریم، مساحت تقریبی به این صورت محاسبه می‌شود:
A≈16×3.1416=50.2656A \approx 16 \times 3.1416 = 50.2656A≈16×3.1416=50.2656
پس مساحت دایره تقریباً برابر با 50.2750.2750.27 واحد مربع است."
خطوط طول جغرافیایی که آمریکای شمالی و جنوبی را تقسیم می‌کنند، مشخص کنید.,"خطوط طول جغرافیایی که قاره‌های آمریکای شمالی و جنوبی را تقسیم می‌کنند، خط استوا و خط گرینویچ هستند:


خط استوا (0 درجه عرض جغرافیایی):


خط استوا، که در 0 درجه عرض جغرافیایی قرار دارد، قاره‌های آمریکای شمالی و جنوبی را به دو نیمکره تقسیم می‌کند: نیمکره شمالی و نیمکره جنوبی.


این خط از وسط دو قاره عبور می‌کند و به عنوان مرز بین شمال و جنوب کره زمین شناخته می‌شود.




خط گرینویچ (0 درجه طول جغرافیایی):


این خط که به عنوان مرجع برای اندازه‌گیری طول جغرافیایی شناخته می‌شود، از گرینویچ در لندن عبور می‌کند و جهانی است. گرچه این خط مستقیم از آمریکای شمالی یا جنوبی عبور نمی‌کند، ولی مرزهای طول جغرافیایی را برای این قاره‌ها مشخص می‌کند.




این دو خط در تقسیم جغرافیایی و اندازه‌گیری مختصات نقش مهمی دارند."
فرآیند تنفس سلولی در گیاهان را توضیح دهید.,"فرآیند تنفس سلولی در گیاهان مشابه با سایر موجودات زنده است و برای تأمین انرژی مورد نیاز سلول‌ها برای انجام فعالیت‌های مختلف ضروری است. این فرآیند در تمام سلول‌های گیاهی در طول شب و روز (به جز زمانی که گیاه در حال انجام فتوسنتز است) رخ می‌دهد. در اینجا توضیح داده می‌شود که تنفس سلولی چیست و چگونه در گیاهان انجام می‌شود.
1. تعریف تنفس سلولی:
تنفس سلولی فرآیندی است که در آن سلول‌ها انرژی شیمیایی موجود در مولکول‌های گلوکز (یا سایر مواد آلی) را با استفاده از اکسیژن آزاد کرده و به شکل انرژی قابل استفاده برای سلول‌ها (آدنوزین تری فسفات یا ATP) تبدیل می‌کنند.
2. فرمول کلی تنفس سلولی:
فرآیند تنفس سلولی به طور کلی به این صورت است:
گلوکز+اکسیژن→دی‌اکسید کربن+آب+انرژی (ATP)\text{گلوکز} + \text{اکسیژن} \rightarrow \text{دی‌اکسید کربن} + \text{آب} + \text{انرژی (ATP)}گلوکز+اکسیژن→دی‌اکسید کربن+آب+انرژی (ATP)
در این فرآیند:


گلوکز (C6H12O6) انرژی شیمیایی را فراهم می‌کند.


اکسیژن برای اکسیداسیون گلوکز و تولید انرژی مورد نیاز است.


دی‌اکسید کربن و آب محصولات جانبی هستند که در این فرآیند تولید می‌شوند.


3. مراحل تنفس سلولی:
تنفس سلولی در سه مرحله اصلی انجام می‌شود:
الف) گلیکولیز (Glycolysis):


گلیکولیز در سیتوپلاسم سلول رخ می‌دهد و اولین مرحله فرآیند تنفس سلولی است.


در این مرحله، یک مولکول گلوکز (C6H12O6) به دو مولکول پیروات (C3H4O3) تبدیل می‌شود. این فرآیند بدون نیاز به اکسیژن (بی‌هوازی) است و در نهایت 2 مولکول ATP و 2 مولکول NADH تولید می‌شود.


ب) چرخه کربس (Citric Acid Cycle):


این مرحله در میتوکندری سلول رخ می‌دهد. هر مولکول پیروات به آستیل-CoA تبدیل می‌شود که وارد چرخه کربس می‌شود.


در این چرخه، دی‌اکسید کربن (CO2) به عنوان محصول جانبی آزاد می‌شود و مقداری ATP و NADH و FADH2 (ترکیبات حامل الکترون) تولید می‌شود.


ج) زنجیره انتقال الکترون (Electron Transport Chain):


در این مرحله، NADH و FADH2 تولید شده در مراحل قبلی به میتوکندری وارد می‌شوند و الکترون‌های خود را به زنجیره انتقال الکترون می‌دهند.


این فرآیند در غشای داخلی میتوکندری رخ می‌دهد. الکترون‌ها از یک پروتئین به پروتئین دیگر منتقل می‌شوند و انرژی حاصل از این انتقال به پمپ یون‌ها کمک می‌کند تا یون‌های هیدروژن (H+) را به داخل فضای بین غشایی میتوکندری منتقل کنند.


در نهایت، این یون‌ها از طریق ATP سنتاز به داخل ماتریکس میتوکندری باز می‌گردند و انرژی آن‌ها برای تولید ATP استفاده می‌شود. اکسیژن در این مرحله برای ترکیب با الکترون‌ها و یون‌های هیدروژن و تشکیل آب (H2O) مصرف می‌شود.


4. نتایج تنفس سلولی:


در نهایت، در فرآیند تنفس سلولی برای هر مولکول گلوکز، حدود 38 مولکول ATP تولید می‌شود که برای تأمین انرژی سلول‌های گیاهی به کار می‌رود.


دی‌اکسید کربن به عنوان محصول جانبی تولید می‌شود که به خارج از گیاه از طریق روزنه‌ها (استوماتا) منتقل می‌شود.


آب نیز به عنوان محصول جانبی در زنجیره انتقال الکترون تولید می‌شود.


5. مقایسه با فتوسنتز:


برخلاف فتوسنتز که در آن گیاهان انرژی خورشیدی را به انرژی شیمیایی تبدیل می‌کنند، تنفس سلولی انرژی شیمیایی ذخیره‌شده در گلوکز را آزاد می‌کند و آن را به انرژی قابل استفاده برای سلول‌ها (ATP) تبدیل می‌کند.


تنفس سلولی در شب و روز در تمام سلول‌های گیاهی رخ می‌دهد، در حالی که فتوسنتز تنها در روز و در حضور نور خورشید انجام می‌شود.


نتیجه‌گیری:
تنفس سلولی در گیاهان برای تأمین انرژی مورد نیاز برای انجام فرآیندهای حیاتی مانند رشد، تولید مثل، و ترمیم سلولی ضروری است. این فرآیند در تمامی سلول‌های گیاهی رخ می‌دهد و به گیاهان کمک می‌کند تا انرژی لازم برای فعالیت‌های خود را از گلوکز به دست آورند."
جمله زیر را با استفاده از صدای معلوم بازنویسی کنید. گزارش خبری توسط کاپیتان خوانده شد.,"جمله بازنویسی شده به صدای معلوم:
کاپیتان گزارش خبری را خواند."
فهرستی از صفت‌هایی که یک شخص را شجاع توصیف می‌کنند، ایجاد کنید.,"در اینجا فهرستی از صفت‌هایی که می‌توانند یک شخص شجاع را توصیف کنند، آورده شده است:


دلیر


بی‌باک


پرجسارت


قوی‌دل


شجاع


شجاعانه


مبارز


مقاوم


شجاعانه


خستگی‌ناپذیر


ریسک‌پذیر


پرعزم


بی‌پروای


فداکار


نبردجو


این صفات نشان‌دهنده ویژگی‌هایی هستند که شخصی شجاع در موقعیت‌های مختلف ممکن است از خود نشان دهد."
پیامدهای جنگل‌زدایی را تشریح کنید.,"جنگل‌زدایی (Deforestation) به معنای تخریب یا قطع درختان و جنگل‌ها به‌طور عمدی است که برای توسعه زمین‌های کشاورزی، ساخت و ساز و استخراج منابع طبیعی انجام می‌شود. این پدیده پیامدهای زیانباری برای محیط زیست، اکوسیستم‌ها و حتی انسان‌ها به همراه دارد. در اینجا به برخی از پیامدهای جنگل‌زدایی اشاره می‌کنیم:
1. تغییرات اقلیمی


افزایش گازهای گلخانه‌ای: درختان نقش مهمی در جذب دی‌اکسید کربن (CO2) دارند. جنگل‌زدایی باعث آزاد شدن این گازها به جو می‌شود و منجر به گرمایش جهانی و تغییرات اقلیمی می‌شود.


کاهش تبخیر و تعرق: درختان باعث تبخیر آب از سطح خود به جو می‌شوند که این روند در تنظیم دما و رطوبت هوا تأثیر دارد. جنگل‌زدایی این فرآیند را مختل می‌کند.


2. کاهش تنوع زیستی


نابودی زیستگاه‌ها: جنگل‌ها خانه‌ بسیاری از گونه‌های گیاهی و حیوانی هستند. با از بین رفتن جنگل‌ها، زیستگاه این موجودات از بین می‌رود و برخی گونه‌ها در معرض خطر انقراض قرار می‌گیرند.


کاهش تنوع گونه‌ای: کاهش زیستگاه‌ها به کاهش تنوع زیستی و کاهش قابلیت‌های اکوسیستم در برابر تغییرات و بحران‌ها منجر می‌شود.


3. فرسایش خاک و کاهش کیفیت خاک


درختان ریشه‌های خود را در خاک فرو می‌برند و از فرسایش آن جلوگیری می‌کنند. وقتی جنگل‌ها از بین می‌روند، خاک بدون حفاظت می‌ماند و در معرض فرسایش قرار می‌گیرد.


سیلاب‌ها: جنگل‌ها نقش مهمی در جذب باران دارند. جنگل‌زدایی می‌تواند منجر به وقوع سیلاب‌ها و از بین رفتن زمین‌های کشاورزی شود.


4. آلودگی آب


افزایش رواناب‌ها: بدون پوشش گیاهی، آب باران به راحتی از سطح زمین عبور می‌کند و وارد منابع آب می‌شود، که این امر می‌تواند به آلودگی منابع آبی و کاهش کیفیت آب‌های زیرزمینی منجر شود.


کاهش تصفیه طبیعی آب: درختان به تصفیه آب از طریق فرآیند جذب آب و مواد مغذی کمک می‌کنند. جنگل‌زدایی این فرآیند طبیعی را مختل می‌کند.


5. تأثیرات اجتماعی و اقتصادی


تهدید معیشت جوامع بومی: بسیاری از جوامع بومی به جنگل‌ها وابسته هستند و زندگی آنها با منابع طبیعی جنگل‌ها گره خورده است. جنگل‌زدایی می‌تواند به نابودی این جوامع و فرهنگ‌هایشان منجر شود.


کاهش منابع طبیعی: جنگل‌ها منابعی همچون چوب، داروهای گیاهی و مواد غذایی را فراهم می‌کنند. از بین بردن این منابع باعث کاهش دسترسی به این منابع برای انسان‌ها می‌شود.


6. تهدید امنیت غذایی


جنگل‌زدایی می‌تواند باعث کاهش تولید محصولات کشاورزی شود زیرا جنگل‌ها به حفظ رطوبت و حاصلخیزی خاک کمک می‌کنند.


از بین رفتن جنگل‌ها باعث افزایش فرسایش خاک و کاهش توان کشاورزی در مناطق مختلف می‌شود.


7. اختلال در چرخه آب و هوا


جنگل‌ها به تنظیم چرخه آب کمک می‌کنند و نقش مهمی در تبادل آب از سطح زمین به جو دارند. جنگل‌زدایی باعث اختلال در این چرخه می‌شود که می‌تواند منجر به خشکسالی‌ها یا بارش‌های ناگهانی و شدید شود.


8. اختلال در فرآیندهای طبیعی


جنگل‌ها در بسیاری از فرآیندهای اکوسیستمی مانند تجزیه مواد آلی، کنترل بیماری‌ها و آفات، و تنظیم دمای زمین نقش دارند. جنگل‌زدایی باعث اختلال در این فرآیندها می‌شود.


نتیجه‌گیری:
جنگل‌زدایی یک تهدید جدی برای محیط زیست، اقتصاد، و جوامع بشری است. مقابله با این مشکل نیاز به اقدامات جدی و فوری دارد، از جمله کاشت درختان بیشتر، اجرای سیاست‌های حفاظت از جنگل‌ها، و تغییر رویکردهای توسعه به سمت استفاده پایدار از منابع طبیعی."
طرحی برای کاهش مصرف برق در خانه تدوین کنید.,"کاهش مصرف برق در خانه نه تنها به کاهش هزینه‌ها کمک می‌کند بلکه به حفاظت از محیط زیست نیز می‌انجامد. برای تدوین یک طرح مؤثر، می‌توان اقدامات مختلفی را در نظر گرفت که هم شامل تغییرات کوچک در رفتار روزانه و هم استفاده از فناوری‌های جدید باشد. در اینجا طرحی برای کاهش مصرف برق در خانه ارائه می‌شود:
1. استفاده بهینه از تجهیزات برقی


خاموش کردن تجهیزات غیرضروری: یکی از ساده‌ترین راه‌ها برای کاهش مصرف برق، خاموش کردن لوازم برقی است زمانی که از آن‌ها استفاده نمی‌شود. برای مثال، خاموش کردن لامپ‌ها، تلویزیون، رایانه و سایر دستگاه‌های برقی هنگام ترک اتاق.


استفاده از وسایل با مصرف انرژی پایین: لوازم برقی با برچسب مصرف انرژی پایین (مثل یخچال‌ها، ماشین‌های لباسشویی، و لامپ‌های LED) را خریداری کنید.


تنظیم دما: دمای یخچال و فریزر را بهینه تنظیم کنید (بین ۳-۴ درجه سانتی‌گراد برای یخچال و -۱۸ درجه سانتی‌گراد برای فریزر).


2. استفاده از لوازم برقی با مصرف بهینه


استفاده از لامپ‌های LED: لامپ‌های LED نسبت به لامپ‌های رشته‌ای و فلورسنت مصرف برق کمتری دارند و عمر طولانی‌تری دارند.


استفاده از دستگاه‌های برقی هوشمند: به جای استفاده از دستگاه‌های قدیمی، از دستگاه‌های هوشمند با مصرف انرژی کم‌تر استفاده کنید. برای مثال، استفاده از ترموستات‌های هوشمند برای کنترل دمای خانه و ماشین‌های لباسشویی با مصرف بهینه انرژی.


استفاده از بخاری و کولرهای انرژی‌بر: از بخاری‌ها و کولرهای کم‌مصرف استفاده کنید و در فصل‌های مختلف سال از پوشش مناسب برای جلوگیری از هدررفت گرما یا سرما استفاده کنید.


3. مدیریت مصرف در ساعات اوج مصرف


استفاده از برق در ساعات غیر اوج مصرف: مصرف برق را در ساعات اوج مصرف (مانند عصرها) کاهش دهید. بسیاری از شرکت‌های برق تعرفه‌های ارزان‌تری در ساعات غیر اوج مصرف دارند.


برنامه‌ریزی استفاده از دستگاه‌های پرمصرف: برای استفاده از ماشین لباسشویی، ظرف‌شویی، یا آون‌ها برنامه‌ریزی کنید تا در ساعات غیر اوج مصرف استفاده شوند.


4. بهبود عایق‌بندی خانه


عایق‌بندی در و پنجره‌ها: نصب در و پنجره‌های دو جداره یا بهبود عایق‌بندی آن‌ها می‌تواند از هدررفت انرژی جلوگیری کند. این امر به ویژه در زمستان‌ها برای حفظ گرما و در تابستان‌ها برای حفظ سرما مفید است.


استفاده از پرده‌ها و شیدها: استفاده از پرده‌های ضخیم یا شیدهای مناسب برای جلوگیری از وارد شدن گرمای زیاد در تابستان یا هدررفت گرما در زمستان.


5. نگهداری و تعمیرات منظم


تمیز کردن فیلترها و کویل‌ها: فیلترهای تهویه، کولرها و بخاری‌ها باید به‌طور منظم تمیز شوند تا کارایی آن‌ها حفظ شود و از مصرف بیش از حد برق جلوگیری شود.


نگهداری منظم از وسایل برقی: نظارت بر وضعیت و تعمیر وسایل برقی می‌تواند از خرابی‌ها و مصرف اضافی انرژی جلوگیری کند. برای مثال، بررسی منظم وضعیت موتور یخچال یا ماشین لباسشویی می‌تواند از افزایش مصرف انرژی جلوگیری کند.


6. بهره‌گیری از منابع انرژی تجدیدپذیر


استفاده از پنل‌های خورشیدی: نصب پنل‌های خورشیدی برای تولید برق خانگی از انرژی خورشیدی می‌تواند به کاهش هزینه‌ها و مصرف برق از شبکه کمک کند.


استفاده از آبگرمکن‌های خورشیدی: استفاده از آبگرمکن‌های خورشیدی به جای آبگرمکن‌های برقی می‌تواند مصرف برق را کاهش دهد.


7. آموزش و آگاهی اعضای خانواده


آموزش به اعضای خانواده: اعضای خانواده را نسبت به اهمیت کاهش مصرف برق آگاه کنید و رفتارهایی مانند خاموش کردن لوازم برقی غیرضروری، تنظیم دمای مناسب، و استفاده از لامپ‌های کم‌مصرف را در آن‌ها ترویج دهید.


استفاده از انرژی‌های جایگزین: آشنایی با روش‌های جایگزین برای گرمایش و سرمایش طبیعی (مانند تهویه طبیعی یا استفاده از پنکه به جای کولر) می‌تواند مفید باشد.


نتیجه‌گیری:
کاهش مصرف برق در خانه به تغییراتی در رفتار، بهینه‌سازی استفاده از تجهیزات، بهبود عایق‌بندی و استفاده از تکنولوژی‌های جدید بستگی دارد. با اجرای این طرح‌ها، می‌توان هم هزینه‌های انرژی را کاهش داد و هم به حفاظت از محیط زیست کمک کرد."
کلمات جمله داده شده را برای تشکیل یک جمله گرامری صحیح مرتب کنید. quickly the brown fox jumped,"جمله مرتب‌شده به صورت صحیح:
The brown fox jumped quickly."
لحن متن داده شده را تحلیل کنید. جهان به شدت تحت تأثیر همه‌گیری کووید-۱۹ قرار گرفته و زندگی ما را به شدت تغییر داده است.,لحن متن داده شده جدی و آگاهانه است. این جمله به وضوح بر تأثیرات بزرگ و عمیق همه‌گیری کووید-۱۹ بر زندگی انسان‌ها تأکید می‌کند و تغییرات به‌وجود آمده در دنیای کنونی را بیان می‌کند. لحن آن نشان‌دهنده اهمیت و شدت موضوع است و به نوعی حاکی از نگرانی و توجه به وضعیت جهانی است.
مجموع ارقام سال ۲۰۰۴ برابر با ۶ است. اولین سال بعد از ۲۰۰۰ که مجموع ارقام آن ۱۲ باشد، کدام است؟,"برای پیدا کردن اولین سال بعد از ۲۰۰۰ که مجموع ارقام آن برابر با ۱۲ باشد، باید مجموع ارقام سال‌ها را محاسبه کنیم.


برای سال ۲۰۰۱، مجموع ارقام برابر با 2+0+0+۱=۳2 + 0 + 0 + ۱ = ۳2+0+0+۱=۳


برای سال ۲۰۰۲، مجموع ارقام برابر با 2+0+0+۲=۴2 + 0 + 0 + ۲ = ۴2+0+0+۲=۴


برای سال ۲۰۰۳، مجموع ارقام برابر با 2+0+0+۳=۵2 + 0 + 0 + ۳ = ۵2+0+0+۳=۵


برای سال ۲۰۰۴، مجموع ارقام برابر با 2+0+0+۴=۶2 + 0 + 0 + ۴ = ۶2+0+0+۴=۶


برای سال ۲۰۰۵، مجموع ارقام برابر با 2+0+0+۵=۷2 + 0 + 0 + ۵ = ۷2+0+0+۵=۷


برای سال ۲۰۰۶، مجموع ارقام برابر با 2+0+0+۶=۸2 + 0 + 0 + ۶ = ۸2+0+0+۶=۸


برای سال ۲۰۰۷، مجموع ارقام برابر با 2+0+0+۷=۹2 + 0 + 0 + ۷ = ۹2+0+0+۷=۹


برای سال ۲۰۰۸، مجموع ارقام برابر با 2+0+۰+۸=۱۰2 + 0 + ۰ + ۸ = ۱۰2+0+۰+۸=۱۰


برای سال ۲۰۰۹، مجموع ارقام برابر با 2+0+۰+۹=۱۱2 + 0 + ۰ + ۹ = ۱۱2+0+۰+۹=۱۱


برای سال ۲۰۱۰، مجموع ارقام برابر با 2+0+۱+۰=۳2 + 0 + ۱ + ۰ = ۳2+0+۱+۰=۳


برای سال ۲۰۱۱، مجموع ارقام برابر با 2+0+۱+۱=۴2 + 0 + ۱ + ۱ = ۴2+0+۱+۱=۴


برای سال ۲۰۱۲، مجموع ارقام برابر با 2+0+۱+۲=۵2 + 0 + ۱ + ۲ = ۵2+0+۱+۲=۵


برای سال ۲۰۱۳، مجموع ارقام برابر با 2+0+۱+۳=۶2 + 0 + ۱ + ۳ = ۶2+0+۱+۳=۶


برای سال ۲۰۱۴، مجموع ارقام برابر با 2+0+۱+۴=۷2 + 0 + ۱ + ۴ = ۷2+0+۱+۴=۷


برای سال ۲۰۱۵، مجموع ارقام برابر با 2+۰+۱+۵=۸2 + ۰ + ۱ + ۵ = ۸2+۰+۱+۵=۸


برای سال ۲۰۱۶، مجموع ارقام برابر با 2+۰+۱+۶=۹2 + ۰ + ۱ + ۶ = ۹2+۰+۱+۶=۹


برای سال ۲۰۱۷، مجموع ارقام برابر با 2+۰+۱+۷=۱۰2 + ۰ + ۱ + ۷ = ۱۰2+۰+۱+۷=۱۰


برای سال ۲۰۱۸، مجموع ارقام برابر با 2+۰+۱+۸=۱۱2 + ۰ + ۱ + ۸ = ۱۱2+۰+۱+۸=۱۱


برای سال ۲۰۱۹، مجموع ارقام برابر با 2+۰+۱+۹=۱۲2 + ۰ + ۱ + ۹ = ۱۲2+۰+۱+۹=۱۲


بنابراین، اولین سال بعد از ۲۰۰۰ که مجموع ارقام آن برابر با ۱۲ است، ۲۰۱۹ می‌باشد."
پاراگراف داده شده را به شکلی کوتاه‌تر و قابل فهم‌تر بازنویسی کنید. اگرچه عموماً پذیرفته شده است که اینترنت به ما امکان اتصال با مردم سراسر جهان را داده است، اما هنوز هم افرادی هستند که با عملکردهای اساسی آن آشنا نیستند، نمی‌فهمند چرا اینقدر رایج شده است، یا قابلیت‌های واقعی آن چیست.,با وجود اینکه اینترنت به ما امکان ارتباط با مردم سراسر جهان را می‌دهد، هنوز افرادی وجود دارند که از عملکردهای اصلی آن بی‌اطلاعند و نمی‌دانند چرا این‌قدر رایج شده یا قابلیت‌های واقعی آن چیست.
از قطعات متن زیر برای پاسخ به سؤال در انتها استفاده کنید. اگر پاسخ را نمی‌دانید، فقط بگویید که نمی‌دانید، سعی نکنید پاسخی بسازید.  برلین که در قرن سیزدهم تأسیس شد، تاریخی پرحادثه داشته است. حفاری‌های سال ۲۰۰۸ نشان می‌دهد که این شهر ممکن است حتی قدیمی‌تر از آنچه قبلاً تصور می‌شد باشد: باستان‌شناسان ایالتی یک تیر چوبی بلوط را کشف کرده‌اند که احتمالاً به سال ۱۱۸۳ بازمی‌گردد.  تقریباً هیچ کلانشهر دیگری چنین تغییرات مکرر و رادیکالی را که چهره شهر را دگرگون کند، تجربه نکرده است. اگرچه برلین شاهد رشد مداوم اهمیت خود بود، اما دوران‌های خیره‌کننده با دوران‌های تاریک‌تر جایگزین می‌شدند. با این وجود، شهر سابقاً تقسیم شده موفق شده است به یک کلانشهر پرجنب‌وجوش در قلب اروپا تبدیل شود.  سؤال: بهترین رستوران در برلین کدام است؟,متاسفانه، اطلاعات ارائه شده درباره بهترین رستوران در برلین نیست. بنابراین، نمی‌توانم پاسخی به این سوال بدهم.
شعری بسرایید که شادی را بیان کند.,"در دل هر روز، نور می‌تابد،
دل‌ها شادند و لب‌ها می‌خندند.
دست‌ها به هم می‌زنند، پر از امید،
در هر قدم، جهان به آغوش می‌آید.
با هر نسیم، دل‌ها رقصان‌اند،
خنده‌ها در هوا می‌رقصند.
شادی چون گل در دل‌ها شکوفا،
به هر کجا بروی، همراه توست، آشنا.
دنیا زیباست وقتی دل شاد است،
غم‌ها به باد می‌روند، در دل رهاست.
شادی، همچو یک پرنده در آسمان،
آغاز هر لحظه است، پایان بی‌نهایت زمان."
ریشه حقیقی معادله زیر را بیابید sqrt(x) + sqrt(x+2) = 10.,ریشه حقیقی معادله x+x+2=10\sqrt{x} + \sqrt{x+2} = 10x​+x+2​=10 برابر با 2401100\frac{2401}{100}1002401​ یا 24.01 است.
برای کاهش آلودگی آب، راه حل‌های ممکن را طوفان فکری کنید.,"برای کاهش آلودگی آب، می‌توان از چندین روش مختلف استفاده کرد که شامل اقدامات فردی، اجتماعی، و دولتی است. در اینجا برخی از راه‌حل‌های ممکن برای کاهش آلودگی آب آورده شده است:
1. کنترل آلودگی صنعتی:


تصفیه آب‌های خروجی کارخانه‌ها: کارخانه‌ها باید از تصفیه‌خانه‌های آب پیشرفته برای تصفیه پساب‌ها و جلوگیری از ورود مواد شیمیایی به منابع آبی استفاده کنند.


توسعه فناوری‌های پاک: استفاده از فناوری‌های سبز و کم‌آلودگی در فرآیندهای صنعتی می‌تواند میزان آلودگی آب را کاهش دهد.


2. مدیریت صحیح فاضلاب‌ها:


تصفیه فاضلاب‌ها: نصب و نگهداری سیستم‌های تصفیه فاضلاب شهری و صنعتی برای جلوگیری از ورود آلودگی‌های شیمیایی و میکروبی به منابع آب.


استفاده از فاضلاب‌های تصفیه‌شده در کشاورزی: آب‌های تصفیه‌شده می‌توانند برای آبیاری زمین‌های کشاورزی استفاده شوند.


3. حفاظت از منابع آبی طبیعی:


حفاظت از منابع آبی: جلوگیری از قطع درختان جنگلی و توسعه شهری در نزدیکی منابع آبی، به خصوص در کنار رودخانه‌ها و دریاچه‌ها.


جلوگیری از آلودگی ناشی از کشاورزی: استفاده از کودها و سموم شیمیایی به حداقل ممکن برای جلوگیری از ورود آنها به آب‌های سطحی و زیرزمینی.


4. ترویج استفاده از مواد تجزیه‌پذیر و کم‌آلودگی:


کاهش استفاده از پلاستیک‌ها: پلاستیک‌ها می‌توانند به راحتی وارد محیط آبی شوند و به آلودگی آب دامن بزنند. استفاده از جایگزین‌های قابل تجزیه می‌تواند به این مشکل کمک کند.


تشویق به استفاده از محصولات ارگانیک و طبیعی: استفاده از مواد شیمیایی کمتر در کشاورزی و صنایع می‌تواند آلودگی آب را کاهش دهد.


5. آموزش و آگاهی‌بخشی عمومی:


آموزش در مدارس و جامعه: مردم باید از خطرات آلودگی آب آگاه شوند و یاد بگیرند که چگونه از منابع آب به درستی استفاده کنند.


تشویق به استفاده کمتر از آب: آگاهی از اهمیت مصرف مسئولانه آب و تشویق به صرفه‌جویی می‌تواند در کاهش آلودگی و هدررفت آب مؤثر باشد.


6. مدیریت صحیح زباله‌ها:


جمع‌آوری و دفع صحیح زباله‌ها: جلوگیری از رهاسازی زباله‌ها در محیط‌های آبی و استفاده از سیستم‌های دفع مناسب برای جلوگیری از آلودگی آب.


استفاده از بازیافت: بازیافت مواد زائد مانند پلاستیک و فلزات به کاهش آلودگی آب کمک می‌کند.


7. حفاظت از تالاب‌ها و زیستگاه‌های آبی:


حفاظت از اکوسیستم‌های آبی: تالاب‌ها و باتلاق‌ها نقش مهمی در تصفیه آب دارند. حفاظت از این زیستگاه‌ها می‌تواند به بهبود کیفیت منابع آبی کمک کند.


مقابله با توسعه بی‌رویه در مناطق حساس آبی: جلوگیری از ساخت و ساز در نزدیکی منابع آبی که می‌تواند باعث تغییر در جریان آب و آلودگی آن شود.


8. استفاده از فناوری‌های نوین:


استفاده از فیلترهای آب: نصب سیستم‌های تصفیه آب خانگی و صنعتی برای پاکسازی آلاینده‌ها.


فناوری‌های پاکسازی شیمیایی و بیولوژیکی: استفاده از روش‌های جدید در پاکسازی و تصفیه آب از مواد شیمیایی و میکروبی.


9. توسعه قوانین و مقررات:


تنظیم قوانین محیط‌زیستی سخت‌گیرانه‌تر: دولت‌ها باید قوانین و مقررات سخت‌تری برای کنترل آلودگی آب وضع کنند و برای اجرای آن‌ها نظارت دقیق داشته باشند.


جریمه برای آلوده‌کنندگان: اعمال جریمه‌های سنگین برای کسانی که منابع آب را آلوده می‌کنند می‌تواند اثر بازدارنده‌ای داشته باشد.


10. تقویت همکاری‌های بین‌المللی:


همکاری بین کشورها در مدیریت منابع آب: بسیاری از منابع آبی به صورت مشترک در اختیار چندین کشور قرار دارند. همکاری‌های بین‌المللی می‌تواند به کاهش آلودگی آب و استفاده پایدار از آن کمک کند.


نتیجه‌گیری:
کاهش آلودگی آب نیازمند تلاش‌های همه‌جانبه از سوی دولت‌ها، صنایع، جوامع و افراد است. با اجرای این راه‌حل‌ها می‌توان به بهبود کیفیت منابع آبی و حفظ سلامت اکوسیستم‌های آبی کمک کرد."
توضیح دهید چرا تعریف داده شده اشتباه است. خال یک حیوان است که زیر زمین زندگی می‌کند.,"تعریف داده شده اشتباه است زیرا ""خال"" به طور معمول به یک نوع حیوان اشاره نمی‌کند، بلکه ""خال"" در زبان فارسی معمولاً به معنای یک لکه یا نقطه‌ای تیره بر روی پوست یا پوشش حیوانات و انسان‌هاست. از طرفی، حیوانی که زیر زمین زندگی می‌کند به نام ""موش کور"" شناخته می‌شود، نه ""خال"". بنابراین، استفاده از واژه ""خال"" برای توصیف یک حیوان غلط است."
متغیر x به صورت “4x + 2y = 10” تعریف شده است. مقدار x را پیدا کنید.,"برای پیدا کردن مقدار xxx در معادله 4x+2y=104x + 2y = 104x+2y=10، باید ابتدا به یاد داشته باشیم که معادله فقط با یک مجهول قابل حل است، و برای پیدا کردن مقدار دقیق xxx، نیاز به مقدار yyy داریم.
اگر مقداری برای yyy داده نشده باشد، نمی‌توانیم مقدار خاصی برای xxx پیدا کنیم. اما اگر بخواهیم xxx را به صورت یک تابع از yyy بنویسیم، می‌توانیم معادله را به این شکل حل کنیم:
4x+2y=104x + 2y = 104x+2y=10
ابتدا  2y2y2y را از هر دو طرف معادله کم می‌کنیم:
4x=10−2y4x = 10 - 2y4x=10−2y
سپس معادله را بر ۴ تقسیم می‌کنیم تا مقدار xxx را به دست آوریم:
x=10−2y4x = \frac{10 - 2y}{4}x=410−2y​
که می‌توان آن را ساده کرد:
x=5−y2x = \frac{5 - y}{2}x=25−y​
بنابراین، مقدار xxx به صورت تابعی از yyy برابر با x=5−y2x = \frac{5 - y}{2}x=25−y​ است."
یک پاراگراف کوتاه در مورد موضوع داده شده بنویسید. اهمیت استفاده از انرژی‌های تجدیدپذیر,استفاده از انرژی‌های تجدیدپذیر اهمیت فراوانی دارد زیرا این منابع انرژی، مانند خورشید، باد، و آب، به طور طبیعی و به طور مداوم در دسترس هستند و برخلاف سوخت‌های فسیلی، آلودگی کمتری ایجاد می‌کنند. با استفاده از این منابع، می‌توانیم وابستگی خود را به منابع انرژی محدود و آلاینده کاهش داده و اثرات منفی تغییرات اقلیمی را کم کنیم. علاوه بر این، انرژی‌های تجدیدپذیر پایدار و قابل تجدید هستند، بنابراین می‌توانند نقش مهمی در تأمین انرژی برای نسل‌های آینده ایفا کنند.
مفهوم هوش مصنوعی را به زبان ساده توضیح دهید.,هوش مصنوعی (AI) به سیستم‌ها و برنامه‌هایی گفته می‌شود که می‌توانند مانند انسان‌ها فکر کنند، یاد بگیرند و تصمیم بگیرند. این سیستم‌ها از داده‌ها برای انجام کارهایی مانند شناسایی الگوها، حل مسائل و حتی انجام وظایف پیچیده استفاده می‌کنند. به طور ساده، هوش مصنوعی به ماشین‌ها این توانایی را می‌دهد که بدون نیاز به برنامه‌نویسی دقیق، از تجربیات قبلی خود یاد بگیرند و عملکردشان را بهبود بخشند. به عنوان مثال، وقتی شما از دستیار صوتی مانند سیری یا گوگل اسیستنت استفاده می‌کنید، در واقع از یک سیستم هوش مصنوعی بهره می‌برید.
یک اپلیکیشن برای یک شرکت تحویل کالا طراحی کنید.,"برای طراحی یک اپلیکیشن تحویل کالا برای یک شرکت، نیاز است که ویژگی‌ها و قابلیت‌های مختلفی در نظر گرفته شوند تا تجربه کاربری راحت و کارآمدی برای مشتریان، رانندگان و مدیران فراهم شود. در ادامه، ویژگی‌ها و بخش‌های مختلف اپلیکیشن پیشنهاد شده را شرح می‌دهم.
1. ویژگی‌های اپلیکیشن برای مشتریان:


ثبت‌نام و ورود: مشتریان می‌توانند حساب کاربری ایجاد کرده یا وارد حساب خود شوند.


انتخاب کالا و سفارش: مشتریان می‌توانند کالاهای خود را انتخاب کرده و مشخصات سفارش را وارد کنند.


رهیابی و ردیابی سفارش: مشاهده موقعیت لحظه‌ای راننده و زمان تقریبی تحویل کالا.


پرداخت آنلاین: امکان پرداخت هزینه سفارش به صورت آنلاین با کارت‌های اعتباری، کیف پول‌های دیجیتال و سایر روش‌ها.


گزارش و بازخورد: مشتریان می‌توانند پس از تحویل کالا، نظر و امتیاز خود را برای سرویس‌دهنده ارسال کنند.


تاریخچه سفارشات: نمایش سوابق تمامی سفارشات گذشته مشتری.


اطلاع‌رسانی (Push notifications): ارسال اعلان‌ها به مشتریان برای اطلاع از وضعیت سفارش.


2. ویژگی‌های اپلیکیشن برای رانندگان:


ثبت‌نام و ورود: رانندگان با وارد کردن مشخصات خود می‌توانند به اپلیکیشن وارد شوند.


دریافت سفارش: رانندگان می‌توانند سفارشات جدید را دریافت کرده و تایید یا رد کنند.


مسیر یابی: نمایش نقشه و بهترین مسیر برای رسیدن به مقصد، همراه با زمان تخمینی تحویل.


تاریخچه تحویل‌ها: نمایش تاریخچه تحویل‌های قبلی راننده.


گزارش مشکلات: امکان گزارش مشکلات مانند بسته‌های آسیب‌دیده یا مسیر اشتباه به تیم پشتیبانی.


امتیازدهی به مشتری: رانندگان می‌توانند به مشتریان بازخورد داده و امتیاز بدهند.


3. ویژگی‌های اپلیکیشن برای مدیران و پشتیبانی:


مدیریت سفارشات: مشاهده و مدیریت تمامی سفارشات ثبت‌شده و وضعیت تحویل.


تخصیص رانندگان: تخصیص بهینه رانندگان به سفارشات بر اساس موقعیت و ظرفیت.


مدیریت پرداخت‌ها: پیگیری پرداخت‌های انجام شده و بررسی تاریخچه مالی.


گزارش‌ها و آمارها: تولید گزارش‌های دوره‌ای در مورد تعداد سفارشات، عملکرد رانندگان، درآمد و رضایت مشتریان.


پشتیبانی مشتریان: ارائه پشتیبانی به مشتریان و رانندگان در صورت بروز مشکلات.


4. ویژگی‌های فنی و امنیتی:


احراز هویت و امنیت: استفاده از روش‌های احراز هویت دو مرحله‌ای برای حفاظت از حساب‌های کاربری.


اطلاعات دقیق و به‌روز: داده‌های دقیق و به‌روز برای موقعیت مکانی، زمان تخمینی تحویل و وضعیت سفارش.


پشتیبانی از چند زبان: پشتیبانی از زبان‌های مختلف برای تسهیل استفاده برای کاربران در مناطق مختلف.


پشتیبانی از انواع دستگاه‌ها: اپلیکیشن باید هم برای گوشی‌های iOS و هم Android در دسترس باشد.


5. ویژگی‌های اضافی (اختیاری):


پیشنهادات ویژه و تخفیف‌ها: ارائه پیشنهادات ویژه و تخفیف‌ها برای جذب مشتریان بیشتر.


موقعیت جغرافیایی و محاسبه هزینه تحویل: هزینه تحویل بسته به مسافت و زمان محاسبه شود.


چت آنلاین: امکان گفت‌وگو در زمان واقعی با پشتیبانی یا راننده از طریق چت.


طراحی تجربه کاربری (UX/UI):


رابط کاربری ساده و کاربرپسند: طراحی ساده و روان که کاربران در هر سنی بتوانند به راحتی از آن استفاده کنند.


نوار جستجو و فیلتر: قابلیت جستجو برای یافتن کالاها به سرعت و با فیلترهای مختلف.


استفاده از رنگ‌های جذاب و برندینگ: رنگ‌ها و طراحی‌های جذاب که هویت برند را تقویت می‌کند.


مراحل توسعه:


تحلیل نیازمندی‌ها و مشخصات: تعیین دقیق نیازها و ویژگی‌های مورد نیاز اپلیکیشن.


طراحی رابط کاربری (UI) و تجربه کاربری (UX): طراحی طرح‌های اولیه و ایجاد مدل‌های بصری از صفحه‌ها.


توسعه اپلیکیشن: برنامه‌نویسی قسمت‌های مختلف اپلیکیشن با استفاده از فریم‌ورک‌های مناسب (React Native, Flutter برای موبایل).


تست و بهینه‌سازی: بررسی عملکرد اپلیکیشن و رفع مشکلات فنی.


انتشار و به‌روزرسانی: انتشار اپلیکیشن در فروشگاه‌های آنلاین و ارائه به‌روزرسانی‌ها.


این اپلیکیشن می‌تواند روند تحویل کالا را ساده‌تر و سریع‌تر کند و تجربه بهتری را برای مشتریان و رانندگان فراهم آورد."
متن داده شده را خلاصه کنید. یک مطالعه اخیر نشان داد که تغییرات آب و هوایی جهانی یکی از مهمترین چالش‌های پیش روی جهان امروز است. پیامدهای گرمایش جهانی شامل بالا آمدن سطح دریاها، رویدادهای شدید آب و هوایی و از دست دادن تنوع زیستی است. تغییرات آب و هوایی ناشی از فعالیت‌های انسانی مانند سوزاندن سوخت‌های فسیلی است و اگر کنترل نشود، تأثیرات بلندمدت و ویرانگری بر روی کره زمین خواهد داشت.,یک مطالعه اخیر نشان داد که تغییرات آب و هوایی جهانی یکی از بزرگ‌ترین چالش‌های کنونی است. گرمایش جهانی موجب افزایش سطح دریاها، حوادث شدید آب و هوایی و کاهش تنوع زیستی می‌شود. این تغییرات عمدتاً ناشی از فعالیت‌های انسانی مانند سوزاندن سوخت‌های فسیلی است و در صورت عدم کنترل، تأثیرات مخربی بر زمین خواهد داشت.
حقایق را از پاراگراف استخراج کنید. آموزش آنلاین همچنان برای مدارس و دانش‌آموزان محبوب‌تر می‌شود. مزایای آن عموماً هزینه‌های کمتر، تعهد کمتر و توانایی مطالعه در زمان، مکان و سرعتی است که مناسب دانش‌آموز باشد.,"حقایق استخراج شده از پاراگراف:


آموزش آنلاین برای مدارس و دانش‌آموزان محبوب‌تر می‌شود.


مزایای آموزش آنلاین شامل هزینه‌های کمتر، تعهد کمتر و توانایی مطالعه در زمان، مکان و سرعت دلخواه است.


این مزایا برای دانش‌آموزان مناسب است."
جمله زیر را ویرایش کنید تا مختصرتر شود. او به ایستگاه اتوبوس دوید تا به اتوبوسی که قرار بود پنج دقیقه دیگر برسد، برسد.,او به ایستگاه اتوبوس دوید تا به اتوبوس پنج دقیقه دیگر برسد.
از قطعات متن زیر برای پاسخ به سؤال در انتها استفاده کنید. اگر پاسخ را نمی‌دانید، فقط بگویید که نمی‌دانید، سعی نکنید پاسخی بسازید.  برلین که در قرن سیزدهم تأسیس شد، تاریخی پرحادثه داشته است. حفاری‌های سال ۲۰۰۸ نشان می‌دهد که این شهر ممکن است حتی قدیمی‌تر از آنچه قبلاً تصور می‌شد باشد: باستان‌شناسان ایالتی یک تیر چوبی بلوط را کشف کرده‌اند که احتمالاً به سال ۱۱۸۳ بازمی‌گردد.  تقریباً هیچ کلانشهر دیگری چنین تغییرات مکرر و رادیکالی را که چهره شهر را دگرگون کند، تجربه نکرده است. اگرچه برلین شاهد رشد مداوم اهمیت خود بود، اما دوران‌های خیره‌کننده با دوران‌های تاریک‌تر جایگزین می‌شدند. با این وجود، شهر سابقاً تقسیم شده موفق شده است به یک کلانشهر پرجنب‌وجوش در قلب اروپا تبدیل شود.  سؤال: بهترین رستوران در برلین کدام است؟,متأسفانه، اطلاعاتی در مورد بهترین رستوران در برلین در متن ذکر نشده است، بنابراین نمی‌توانم به این سؤال پاسخ دهم.
یک دستور پخت برای ۳۰ کلوچه به دو فنجان آرد در میان مواد اولیه خود نیاز دارد. ادواردو می‌خواهد پنج دوجین کلوچه بپزد. او در دستور پخت تنظیم شده خود به چند فنجان آرد نیاز خواهد داشت؟,"برای پاسخ به این سؤال ابتدا باید مشخص کنیم که یک دوجین معادل ۱۲ عدد است. بنابراین، پنج دوجین معادل ۵ × ۱۲ = ۶۰ عدد کلوچه می‌شود.
دستور پخت اولیه برای ۳۰ کلوچه به دو فنجان آرد نیاز دارد. پس برای ۶۰ کلوچه، به دو برابر این مقدار آرد نیاز خواهیم داشت.
۲ فنجان × ۲ = ۴ فنجان آرد.
بنابراین، ادواردو برای پنج دوجین کلوچه به ۴ فنجان آرد نیاز دارد."
مساحت کل سطح یک مکعب با طول ضلع ۵ سانتی‌متر را محاسبه کنید.,"برای محاسبه مساحت کل سطح یک مکعب، از فرمول زیر استفاده می‌کنیم:
مساحت کل سطح=6×(طول ضلع)2\text{مساحت کل سطح} = 6 \times (\text{طول ضلع})^2مساحت کل سطح=6×(طول ضلع)2
در اینجا، طول ضلع مکعب ۵ سانتی‌متر است. بنابراین:
مساحت کل سطح=6×(5)2=6×25=150 سانتی‌متر مربع\text{مساحت کل سطح} = 6 \times (5)^2 = 6 \times 25 = 150 \ \text{سانتی‌متر مربع}مساحت کل سطح=6×(5)2=6×25=150 سانتی‌متر مربع
پس مساحت کل سطح مکعب ۱۵۰ سانتی‌متر مربع است."
نیروی وارد بر یک جرم ۱ کیلوگرمی به دلیل نیروی گرانش چقدر است؟,"برای محاسبه نیروی وارد بر یک جرم به دلیل نیروی گرانش، از فرمول زیر استفاده می‌کنیم:
F=m×gF = m \times gF=m×g
که در آن:


FFF نیروی گرانشی است،


mmm جرم جسم است (در اینجا ۱ کیلوگرم)،


ggg شتاب گرانشی است که مقدار آن در سطح زمین تقریباً 9.8 m/s29.8 \, \text{m/s}^29.8m/s2 می‌باشد.


با قرار دادن مقادیر در فرمول:
F=1 kg×9.8 m/s2=9.8 NF = 1 \, \text{kg} \times 9.8 \, \text{m/s}^2 = 9.8 \, \text{N}F=1kg×9.8m/s2=9.8N
بنابراین، نیروی گرانشی وارد بر جرم ۱ کیلوگرمی برابر با ۹.۸ نیوتن است."
یک مثال برای یک عمل فرهنگی ارائه دهید.,یک مثال برای یک عمل فرهنگی می‌تواند برگزاری جشن‌های محلی باشد که در آن مردم سنت‌ها، آداب و رسوم، موسیقی و رقص‌های خاص منطقه‌ای خود را به نمایش می‌گذارند. این نوع جشن‌ها معمولاً بخشی از هویت فرهنگی یک جامعه را نشان می‌دهند و فرصتی برای انتقال میراث فرهنگی به نسل‌های بعدی فراهم می‌آورند.
با توجه به مجموعه‌ای از اعداد، بیشترین مقدار را پیدا کنید. مجموعه: {۱۰، ۳، ۲۵، ۶، ۱۶},بیشترین مقدار در مجموعه {۱۰، ۳، ۲۵، ۶، ۱۶} عدد ۲۵ است.
دو مثال از مایع بیاورید.,"دو مثال از مایع عبارتند از:


آب


روغن"
حاصلضرب ۶ و ۲ چیست؟,حاصلضرب ۶ و ۲ برابر با ۱۲ است.
کلم راسوی بدبو (skunk cabbage) چه نوع گیاهی است؟,"کلم راسوی بدبو (Skunk cabbage) یک گیاه هیدروفیت است، به این معنی که در محیط‌های مرطوب و باتلاقی رشد می‌کند. این گیاه از خانواده Araceae است و معمولاً در مناطق مرطوب و کنار جویبارها یافت می‌شود. نام ""بدبو"" به دلیل بوی ناخوشایندی است که در زمان گلدهی از این گیاه منتشر می‌شود. کلم راسوی بدبو به دلیل توانایی تولید حرارت درون گل‌های خود، قادر است حتی در هوای سرد رشد کند."
پرورشگاه هپی ولی ۴ مرغ، ۲ سگ و ۵ گربه دارد. (برخی از مردم در هپی ولی دوست دارند مرغ را به عنوان حیوان خانگی نگه دارند!) به چند طریق می‌توان ۱۱ حیوان را در یک ردیف ۱۱ قفسی قرار داد، به طوری که همه حیوانات از هر نوع در قفس‌های مجاور باشند؟ (دو حیوان از یک گونه قابل تشخیص در نظر گرفته می‌شوند.),"برای حل این سؤال ابتدا باید تعداد راه‌های مختلف چیدن حیوانات را در نظر بگیریم به طوری که حیوانات هر گونه در کنار هم قرار بگیرند.
مرحله 1: گروه‌بندی حیوانات یکسان
از آنجا که حیوانات از هر گونه باید در قفس‌های مجاور قرار گیرند، می‌توانیم هر گونه را به عنوان یک گروه در نظر بگیریم:


۴ مرغ → یک گروه


۲ سگ → یک گروه


۵ گربه → یک گروه


در نتیجه، در ابتدا می‌خواهیم این ۳ گروه را در یک ردیف ۳ گروهی بچینیم. تعداد راه‌هایی که می‌توانیم این ۳ گروه را در ردیف قرار دهیم، به صورت 3!3! 3! محاسبه می‌شود.
3!=3×2×1=63! = 3 \times 2 \times 1 = 63!=3×2×1=6
مرحله 2: چیدن حیوانات داخل هر گروه
حالا باید برای هر گروه، حیوانات را به ترتیب بچینیم:


برای ۴ مرغ، تعداد راه‌های ممکن برای چیدن آن‌ها در گروه برابر با 4!4!4! است.


4!=4×3×2×1=244! = 4 \times 3 \times 2 \times 1 = 244!=4×3×2×1=24


برای ۲ سگ، تعداد راه‌های ممکن برای چیدن آن‌ها در گروه برابر با 2!2!2! است.


2!=2×1=22! = 2 \times 1 = 22!=2×1=2


برای ۵ گربه، تعداد راه‌های ممکن برای چیدن آن‌ها در گروه برابر با 5!5!5! است.


5!=5×4×3×2×1=1205! = 5 \times 4 \times 3 \times 2 \times 1 = 1205!=5×4×3×2×1=120
مرحله 3: محاسبه تعداد کل راه‌ها
حالا با ضرب کردن تعداد راه‌های مختلف در هر مرحله، تعداد کل راه‌ها را محاسبه می‌کنیم:
3!×4!×2!×5!=6×24×2×1203! \times 4! \times 2! \times 5! = 6 \times 24 \times 2 \times 1203!×4!×2!×5!=6×24×2×120
محاسبه:
6×24=1446 \times 24 = 1446×24=144
144×2=288144 \times 2 = 288144×2=288
288×120=34560288 \times 120 = 34560288×120=34560
بنابراین، تعداد کل راه‌هایی که می‌توان ۱۱ حیوان را در ۱۱ قفس به طوری که همه حیوانات از هر نوع در قفس‌های مجاور باشند قرار داد، برابر با ۳۴۵۶۰ است."
دو نوع بیوم بیابانی را نام ببرید.,"دو نوع بیوم بیابانی عبارتند از:


بیابان گرمسیری (Tropical Desert): مانند بیابان صحرای بزرگ آفریقا (Sahara)، که دارای دمای بالا و بارش باران بسیار کم است.


بیابان سرد (Cold Desert): مانند بیابان گوبی در آسیای مرکزی، که دمای هوا در شب‌ها بسیار پایین می‌آید و بارش باران نیز کم است."
با توجه به یک جمله، آن را به حالت مجهول تبدیل کنید. سگ به گربه کوچه پارس کرد.,"جمله به حالت مجهول به این شکل تبدیل می‌شود:
«گربه توسط سگ به کوچه پارس شد.»"
جمله زیر را به حالت مجهول تبدیل کنید: من یک کتاب خریدم,"جمله به حالت مجهول به این شکل تبدیل می‌شود:
«یک کتاب توسط من خریده شد.»"
گفتگویی بین دو نفر که در مورد یک پدیده علمی (نیروگاه برق-آبی) بحث می‌کنند، ایجاد کنید.,"آرمان: سلام! امروز در مورد نیروگاه‌های برق‌آبی مطالعه می‌کردم. به نظرم خیلی جالب است که چطور از آب برای تولید برق استفاده می‌کنند.
مهسا: سلام! بله، نیروگاه‌های برق‌آبی یکی از منابع انرژی تجدیدپذیر هستند. این نوع نیروگاه‌ها به کمک حرکت آب و توربین‌ها برق تولید می‌کنند. چطور، به نظرت چطور کار می‌کند؟
آرمان: خب، اساساً آب از یک ارتفاع مشخص به پایین سقوط می‌کند و این حرکت آب به توربین‌ها انرژی می‌دهد. وقتی توربین‌ها می‌چرخند، یک ژنراتور به حرکت درمی‌آید و برق تولید می‌شود.
مهسا: دقیقاً! و نکته جالب این است که این انرژی از طریق چرخه طبیعی آب به دست می‌آید. یعنی از رودخانه‌ها یا سدها آب جمع‌آوری می‌شود و وقتی به پایین می‌ریزد، انرژی جنبشی‌اش تبدیل به انرژی الکتریکی می‌شود.
آرمان: پس می‌توان گفت که یکی از مزایای این نیروگاه‌ها، تأثیر کمتر آن‌ها بر محیط زیست است؟ چون آب به صورت طبیعی به گردش در می‌آید و هیچ ماده مضری تولید نمی‌شود.
مهسا: درست می‌گویی. اما باید توجه داشت که ساخت سدها می‌تواند تاثیرات زیست‌محیطی منفی داشته باشد. مثلاً اکوسیستم‌های رودخانه‌ای می‌توانند آسیب ببینند یا حیوانات و گیاهان منطقه تحت تأثیر قرار گیرند.
آرمان: بله، من هم خوانده بودم که در برخی از مناطق، این تأثیرات به حدی شدید است که نیاز به جبران آن‌ها دارند. مثلاً ساخت مسیرهای عبور ماهی‌ها یا بازسازی محیط‌های طبیعی.
مهسا: بله، این یک چالش است. اما در کل، نیروگاه‌های برق‌آبی همچنان یکی از منابع پرقدرت و مهم انرژی پاک هستند که می‌توانند به کاهش وابستگی به سوخت‌های فسیلی کمک کنند.
آرمان: قطعاً! به نظر می‌رسد که آینده انرژی‌های تجدیدپذیر، مانند انرژی آب، خورشید و باد، روشن است. فقط نیاز به تدابیر دقیق‌تری برای مدیریت تاثیرات محیطی داریم.
مهسا: کاملاً درست است. امیدوارم که در آینده با تکنولوژی‌های نوین، بتوانیم بهترین استفاده را از منابع طبیعی ببریم و آسیب کمتری به محیط زیست وارد کنیم."
مناسب‌ترین قید را برای جمله زیر مشخص کنید: او کار می‌کند,"مناسب‌ترین قید برای جمله «او کار می‌کند» می‌تواند یکی از این‌ها باشد:


سخت (او سخت کار می‌کند)


سریع (او سریع کار می‌کند)


پیوسته (او پیوسته کار می‌کند)


مداوم (او مداوم کار می‌کند)


بستگی به معنی دقیق جمله و شرایط مورد نظر دارد که کدام قید بیشتر مناسب است."
ایده اصلی متن زیر را پیدا کنید: تغییرات آب و هوایی یک مسئله جهانی است که به طور فزاینده‌ای بحث‌برانگیز شده است. این پدیده در حال حاضر تأثیر شدیدی بر محیط زیست و زندگی انسان‌ها دارد. ما شاهد افزایش رویدادهای شدید آب و هوایی و بالا آمدن سطح دریاها هستیم که هر دو تأثیر عمده‌ای بر روی سیاره زمین دارند.,ایده اصلی متن این است که تغییرات آب و هوایی یک مسئله جهانی است که تأثیرات شدیدی بر محیط زیست و زندگی انسان‌ها دارد، از جمله افزایش رویدادهای شدید آب و هوایی و بالا آمدن سطح دریاها.
لحن جمله زیر را تحلیل کنید: من همین الان خیلی از دست تو عصبانی هستم,لحن جمله «من همین الان خیلی از دست تو عصبانی هستم» عصبی و ناراحت است. این جمله نشان‌دهنده‌ی احساسات منفی و نارضایتی فرد از دیگری است و به وضوح نشان می‌دهد که گوینده تحت تأثیر یک وضعیت استرس‌زا یا ناخوشایند قرار دارد. همچنین، استفاده از عبارت «خیلی» شدت عصبانیت را بیشتر نشان می‌دهد.
استدلالی برای دفاع از گزاره زیر بسازید: منابع انرژی جایگزین برای حل بحران آب و هوا حیاتی هستند,"برای دفاع از گزاره «منابع انرژی جایگزین برای حل بحران آب و هوا حیاتی هستند»، می‌توان استدلال کرد:


کاهش وابستگی به سوخت‌های فسیلی: سوخت‌های فسیلی مانند نفت، گاز و زغال‌سنگ منابع اصلی انتشار گازهای گلخانه‌ای هستند که باعث گرم شدن زمین و تغییرات آب و هوایی می‌شوند. منابع انرژی جایگزین مانند انرژی خورشیدی، بادی و آبی قادرند بدون تولید گازهای مضر، انرژی لازم را تأمین کنند و به کاهش اثرات تغییرات آب و هوایی کمک کنند.


انرژی تجدیدپذیر، پاک و پایدار: منابع انرژی جایگزین تجدیدپذیر و پاک هستند. برخلاف سوخت‌های فسیلی که منابع محدود دارند و باعث آلودگی هوا و محیط زیست می‌شوند، منابع انرژی جایگزین می‌توانند به طور مداوم و پایدار انرژی تولید کنند بدون آنکه آسیبی به کره زمین بزنند.


کاهش اثرات بحران آب و هوا: استفاده از انرژی‌های تجدیدپذیر می‌تواند به طور قابل توجهی کاهش آلودگی هوا، کاهش دما و کاهش اثرات منفی تغییرات اقلیمی مانند افزایش سطح دریاها، خشکسالی‌ها و سیلاب‌ها کمک کند. این امر موجب بهبود کیفیت زندگی مردم و کاهش فشار بر منابع طبیعی می‌شود.


ایجاد فرصت‌های اقتصادی جدید: صنایع انرژی‌های تجدیدپذیر در حال رشد هستند و می‌توانند فرصت‌های شغلی جدیدی در زمینه‌های تولید، نصب و نگهداری این فناوری‌ها ایجاد کنند. این امر به توسعه اقتصادی کمک کرده و می‌تواند به جوامع محلی و جهانی کمک کند.


پیشگیری از بحران‌های زیست‌محیطی بیشتر: با توجه به سرعت رشد بحران تغییرات اقلیمی، اتخاذ راهکارهای فوری و مؤثر برای کاهش آلودگی‌های صنعتی و تولید انرژی از منابع تجدیدپذیر ضروری است. این اقدامات می‌توانند به جلوگیری از بحران‌های زیست‌محیطی بزرگتر مانند از دست رفتن تنوع زیستی و کاهش منابع آب کمک کنند.


بنابراین، استفاده از منابع انرژی جایگزین نه تنها برای کاهش اثرات بحران آب و هوا بلکه برای حفظ پایداری و سلامت سیاره‌مان ضروری است."
جمله زیر را به زمان حال استمراری تبدیل کنید: او کتاب می‌خواند,"جمله به زمان حال استمراری به این شکل تبدیل می‌شود:
«او در حال خواندن کتاب است.»"
مثالی از یک استعاره که از شیء زیر استفاده می‌کند، بیاورید: ستاره‌ها,"مثال از استعاره‌ای که از «ستاره‌ها» استفاده می‌کند:
«چشم‌های تو همچون ستاره‌ها در شب می‌درخشند.»
در اینجا، چشم‌ها با ستاره‌ها مقایسه شده‌اند تا زیبایی و درخشندگی آن‌ها را بیان کند."
توصیفی برای شخصی با نام زیر ایجاد کنید: جان,جان مردی است با چهره‌ای گرم و صمیمی. نگاهش پر از اعتماد به نفس است، اما در عین حال حس آرامش و مهربانی از او می‌بارد. موهای قهوه‌ای تیره‌اش کمی ژولیده است و همیشه یک لبخند نرم روی لب‌هایش نشسته است. جان علاقه زیادی به طبیعت دارد و زمانی که فرصت پیدا می‌کند، به پیاده‌روی در پارک یا کوه‌نوردی می‌رود. او نه تنها فردی باهوش است، بلکه همیشه آماده است تا به دیگران کمک کند و دست‌نگهداری‌های کوچک به دیگران را با لبخند بپذیرد. جان به جزئیات اهمیت می‌دهد و در کارهایش دقت بالایی دارد. وقتی وارد اتاق می‌شود، حضورش احساس می‌شود، اما نه به شکلی پر سر و صدا، بلکه به شکلی که همه به راحتی با او ارتباط برقرار می‌کنند.
رقم یکان عدد  7  35    وقتی به صورت یک عدد صحیح نوشته می‌شود، چیست؟,عدد داده شده ۷۳۵ است. رقم یکان این عدد، همانطور که از نامش پیداست، عددی است که در موقعیت یکان قرار دارد. در این عدد، رقم یکان ۵ است. بنابراین، رقم یکان عدد ۷۳۵ برابر با ۵ است.
سعی کنید جمله زیر را بدون تغییر معنای آن کوتاه کنید: وقتی او وارد شد، همه را بیدار کرد,وقتی وارد شد، همه را بیدار کرد.
حروف ربط را در جمله زیر مشخص کنید: او نامه‌ای نوشت و آن را مهر و موم کرد,"حروف ربط در جمله «او نامه‌ای نوشت و آن را مهر و موم کرد» عبارتند از:


و"
جمله زیر را به صورت سوم شخص بازنویسی کنید: من مضطرب هستم,"جمله به صورت سوم شخص به این شکل بازنویسی می‌شود:
«او مضطرب است.»"
فهرستی از ایده‌های تجاری برای یک سرویس تحویل غذا ایجاد کنید.,"در اینجا چند ایده تجاری برای یک سرویس تحویل غذا آورده شده است:


تحویل غذاهای سالم و رژیمی: یک سرویس تحویل غذا که فقط غذاهای سالم، رژیمی و متناسب با نیازهای مختلف (کاهش وزن، افزایش وزن، تغذیه ورزشی و غیره) ارائه می‌دهد.


غذای ویژه برای گیاه‌خواران و وگان‌ها: سرویس تحویل غذا با تمرکز بر غذاهای گیاهی و وگان که از مواد اولیه ارگانیک و تازه استفاده می‌کنند.


غذای محلی و سنتی: سرویس تحویل غذا که به ارائه غذاهای محلی و سنتی مناطق مختلف کشور یا جهان می‌پردازد، برای کسانی که به دنبال تجربه طعم‌های جدید هستند.


سرویس غذای آماده برای خانواده‌ها: تحویل وعده‌های غذایی کامل برای خانواده‌ها که آماده هستند و فقط نیاز به گرم کردن دارند. این سرویس می‌تواند به خانواده‌ها کمک کند تا زمان کمتری را در آشپزخانه بگذرانند.


غذاهای ویژه برای افراد با نیازهای خاص: سرویس تحویل غذا برای افرادی که به رژیم‌های خاص مانند بدون گلوتن، بدون لاکتوز، یا بدون شکر نیاز دارند.


غذای آماده برای افراد پرمشغله: یک سرویس تحویل غذا برای کسانی که شاغل هستند و وقت زیادی برای آشپزی ندارند. این سرویس می‌تواند وعده‌های غذایی سریع، ساده و خوشمزه ارائه دهد.


سرویس تحویل غذا با تمرکز بر فست فودهای سالم: ارائه فست فودهای سالم مانند برگرهای گیاهی، پیتزاهای با مواد اولیه ارگانیک، و سالادهای تازه.


سرویس تحویل نوشیدنی‌ها و دسرها: ارائه نوشیدنی‌ها و دسرهای خوشمزه و خاص مانند اسموتی‌ها، دسرهای خانگی یا نوشیدنی‌های مخصوص.


سرویس تحویل غذا با تجربه شخصی‌سازی: یک سرویس که به کاربران این امکان را می‌دهد تا غذاهای خود را به طور کامل شخصی‌سازی کنند و بر اساس سلیقه‌های شخصی خود انتخاب کنند.


غذای شبانه برای مهمانی‌ها: سرویس تحویل غذاهایی ویژه برای مهمانی‌ها و مراسم شبانه، مانند سینی‌های خوشمزه و تزئین شده که راحت و سریع سرو می‌شوند.


سرویس اشتراک غذا: ارائه خدمات اشتراکی که مشتریان به صورت ماهانه یا هفتگی غذا دریافت می‌کنند، این سرویس می‌تواند شامل بسته‌های متنوع و متناسب با نیازهای هر مشتری باشد.


سرویس تحویل غذاهای بین‌المللی: ارائه غذاهای معروف و محبوب از کشورهای مختلف جهان برای کسانی که علاقه‌مند به تجربه طعم‌های خارجی هستند.


این ایده‌ها می‌توانند به عنوان نقطه شروع برای توسعه یک سرویس تحویل غذای موفق و جذاب مورد استفاده قرار گیرند."
جمله زیر را برای بهبود وضوح و روانی ویرایش کنید. رستوران غذای عالی دارد هرچند قیمت‌ها کمی سنگین است,رستوران غذای عالی ارائه می‌دهد، هرچند قیمت‌ها کمی بالا هستند.
تصور کنید با مشتری‌ای صحبت می‌کنید که از محصولی که از شما خریده ناراضی است. پاسخی بسازید که وضعیت را آرام کند.,بسیار متأسفم که تجربه خوبی از محصول ما نداشته‌اید. ما به نظرات مشتریان خود اهمیت زیادی می‌دهیم و می‌خواهیم مطمئن شویم که شما راضی هستید. لطفاً جزئیات مشکل را با ما در میان بگذارید تا بتوانیم هر چه سریع‌تر آن را بررسی کرده و برای حل مشکل شما اقدام کنیم. هدف ما رضایت شماست و مطمئن باشید که تمام تلاش خود را برای جلب اعتماد دوباره شما انجام خواهیم داد.
مفهوم الگوریتم مرتب‌سازی حبابی را برای مخاطبان غیرفنی توضیح دهید.,"الگوریتم مرتب‌سازی حبابی، یک روش ساده برای مرتب کردن لیستی از اعداد یا اشیاء است. تصور کنید که چند توپ رنگی مختلف در یک خط چیده شده‌اند و شما می‌خواهید توپ‌ها را به ترتیب از کم به زیاد بچینید. الگوریتم مرتب‌سازی حبابی به این صورت عمل می‌کند:


ابتدا دو توپ مجاور را مقایسه می‌کنید.


اگر توپ‌ها به ترتیب درستی (مثلاً از کم به زیاد) چیده نشده باشند، آن‌ها را جابجا می‌کنید.


این کار را برای تمام توپ‌ها در لیست تکرار می‌کنید تا تمام توپ‌ها به ترتیب درست قرار گیرند.


به این ترتیب، توپ‌های بزرگ‌تر (یا به طور کلی، اعداد بزرگ‌تر) به تدریج ""به سطح"" می‌آیند و در پایان در جایگاه نهایی خود قرار می‌گیرند، مثل حباب‌هایی که به سطح آب می‌آیند.
این الگوریتم در ابتدا ممکن است کند به نظر برسد، زیرا بارها و بارها باید توپ‌ها را جابجا کرد تا همه چیز مرتب شود، اما در عین سادگی، روشی مفید برای مرتب‌سازی لیست‌های کوچک است."
حادثه زیر را به عنوان نقض پروتکل طبقه‌بندی کنید. خروجی ۱ برای نقض و ۰ برای عدم نقض. استفاده از لپ‌تاپ مدرسه برای مصارف شخصی,"خروجی ۱ (نقض پروتکل)
استفاده از لپ‌تاپ مدرسه برای مصارف شخصی معمولاً نقض قوانین یا پروتکل‌های مربوط به استفاده از منابع آموزشی است، زیرا این تجهیزات باید تنها برای اهداف آموزشی و مدرسه‌ای مورد استفاده قرار گیرند."
با توجه به ورودی زیر، یک داستان خلاقانه بسازید. یک تیر و کمان جادویی,"در سرزمینی دور، در دل یک جنگل انبوه و تاریک، یک تیر و کمان جادویی نهفته بود. این تیر و کمان نه تنها قدرت تیراندازی داشت، بلکه قادر بود آرزوها و خواسته‌های کسی که از آن استفاده می‌کرد را برآورده سازد. اما تنها کسانی که قلبی پاک و اراده‌ای قوی داشتند، می‌توانستند به آن دست یابند.
روزی روزگاری، پسرکی به نام آریا در نزدیکی این جنگل زندگی می‌کرد. او یتیمی بود که در یک روستای کوچک به همراه دوستانش زندگی می‌کرد و همیشه آرزو داشت که روزی بتواند به ماجراجویی‌های بزرگ دست بزند. اما نه برای ثروت یا شهرت، بلکه برای کشف رازهایی که دنیا از آن‌ها پنهان کرده بود.
یک شب که ماه به طور کامل در آسمان می‌درخشید، آریا صدای عجیبی از جنگل شنید. صدای زوزه‌وار باد و همهمه درختان، او را به سمت اعماق جنگل کشاند. در دل جنگل، جایی که هیچ‌کس جرأت قدم گذاشتن نداشت، آریا با چشمان درخشان خود یک تیر و کمان قدیمی و مرموز را پیدا کرد. تیر و کمان از جنس چوب کهن و فلزی با نقوشی درخشان بود که در برابر نور ماه می‌درخشید. آریا احساس کرد که این تیر و کمان چیزی بیشتر از یک سلاح است؛ آن احساس عمیق در دلش گفت که این سلاح، قدرتی جادویی دارد.
آریا تیر و کمان را برداشت و در دل خود آرزو کرد که روزی بتواند به مردم روستای خود کمک کند و از ظلم و بی‌عدالتی نجاتشان دهد. به محض اینکه دست خود را به زه کمان گذاشت، یک نور درخشان از تیر و کمان تابید و یک تیر پرانرژی از آن خارج شد که به سمت آسمان پرواز کرد و در دل آسمان ناپدید شد.
از آن شب به بعد، آریا متوجه شد که این تیر و کمان به او قدرت‌هایی خارق‌العاده داده است. هر باری که تیر از کمان شلیک می‌شد، آرزوی قلبی او به حقیقت می‌پیوست. اما او می‌دانست که این قدرت‌ها نباید برای منافع شخصی یا سوءاستفاده استفاده شود. بنابراین، او تصمیم گرفت از این تیر و کمان تنها برای کمک به دیگران و مبارزه با بی‌عدالتی استفاده کند.
آریا سفرهای زیادی کرد، در جنگ‌ها و نبردهای سخت شرکت کرد و همیشه با تیر و کمان جادویی خود، دشمنان را شکست داد و قلب‌های کسانی را که در تنگنا بودند، روشن کرد. او هرگز فراموش نکرد که قدرت واقعی تیر و کمان در قلب پاک او نهفته است و این تنها با نیت‌های خوب و خالصانه می‌تواند به هدف خود برسد.
روزها گذشت و آریا به یک قهرمان legend تبدیل شد، اما همیشه یادش می‌آمد که این تیر و کمان تنها ابزاری است که او را به هدف‌هایش می‌رساند، و قدرت واقعی همیشه در دل انسان‌هاست."
فهرستی از روش‌ها برای کاهش ضایعات مواد غذایی ایجاد کنید.,"در اینجا فهرستی از روش‌ها برای کاهش ضایعات مواد غذایی آورده شده است:


خرید هوشمندانه:


برنامه‌ریزی دقیق برای خرید مواد غذایی بر اساس نیاز واقعی.


استفاده از لیست خرید برای جلوگیری از خرید مواد غیرضروری.


خرید به اندازه و اجتناب از خرید زیاد مواد غذایی که ممکن است خراب شوند.




نگهداری صحیح مواد غذایی:


نگهداری مواد غذایی در دمای مناسب (مانند نگهداری سبزیجات و میوه‌ها در یخچال یا فریزر).


استفاده از ظروف مناسب برای ذخیره‌سازی و جلوگیری از فاسد شدن مواد غذایی.


استفاده از کیسه‌ها و بسته‌بندی‌های قابل استفاده مجدد برای حفظ تازگی.




استفاده از باقی‌مانده غذاها:


تبدیل باقی‌مانده غذاها به وعده‌های جدید (مثلاً استفاده از سبزیجات باقی‌مانده برای سوپ یا سالاد).


نگهداری باقی‌مانده غذاها در فریزر برای استفاده در زمان‌های بعدی.


استفاده از روش‌های مختلف برای تهیه غذاهای جدید از مواد باقی‌مانده.




آموزش بهتر به خانواده‌ها:


آموزش اعضای خانواده برای عدم تهیه غذا به مقدار زیاد و مصرف به موقع آن.


استفاده از غذاهایی که به سرعت خراب می‌شوند اول و سپس مصرف مواد طولانی‌تر تاریخ انقضا.




تاریخ انقضا و بهترین تاریخ مصرف:


توجه به تاریخ انقضا و ""بهترین تاریخ مصرف"" برای جلوگیری از مصرف مواد غذایی منقضی شده.


استفاده از سیستم FIFO (اول وارد، اول خارج) برای مصرف مواد غذایی قدیمی‌تر.




کاهش ضایعات در رستوران‌ها و کافی‌شاپ‌ها:


سفارش غذا به مقدار مناسب و اجتناب از سفارش اضافی.


استفاده از روش‌های بسته‌بندی مناسب برای باقی‌مانده‌های غذا.


پخت غذا در مقادیر متناسب و جلوگیری از پخت بیش از حد.




کاشت گیاهان خانگی:


کاشت گیاهان در خانه برای استفاده از سبزیجات و گیاهان تازه و جلوگیری از ضایعات.


استفاده از مواد طبیعی برای تهیه کود از ضایعات مواد غذایی (مانند کمپوست‌سازی).




کمپوست‌سازی:


تبدیل ضایعات مواد غذایی به کمپوست برای استفاده در باغ‌ها و کاهش ضایعات.


استفاده از دستگاه‌های خانگی کمپوست برای پردازش ضایعات آشپزخانه به کود طبیعی.




کمک به سازمان‌های خیریه:


اهدای غذاهای اضافی یا مانده به مؤسسات خیریه به جای دور ریختن آن‌ها.


مشارکت در برنامه‌های تبادل غذا با افراد نیازمند.




آگاهی عمومی و مشارکت در کمپین‌ها:




حمایت از کمپین‌های جهانی و محلی برای کاهش ضایعات غذایی.


آموزش در مدارس، شرکت‌ها و جوامع برای اهمیت کاهش ضایعات غذایی و راه‌های آن.


این روش‌ها می‌توانند به کاهش ضایعات مواد غذایی کمک کنند و به حفظ منابع طبیعی و حفظ محیط زیست منجر شوند."
ایده‌ای برای یک ماشین خودران پیشنهاد دهید.,"ایده‌ای جالب برای یک ماشین خودران می‌تواند ""ماشین خودران برای افراد مسن و افراد دارای معلولیت"" باشد. این خودرو به گونه‌ای طراحی می‌شود که به افراد مسن، افرادی که توانایی رانندگی ندارند یا کسانی که دارای معلولیت‌های جسمی هستند، کمک کند تا به راحتی به مقصد خود برسند. ویژگی‌های خاص این خودرو می‌تواند شامل موارد زیر باشد:


دستگاه‌های کمک‌حرکتی داخلی: مانند صندلی‌های چرخان که به راحتی برای سوار شدن و پیاده شدن تنظیم می‌شوند، یا دستگاه‌های ویژه‌ای برای حمل ویلچر.


سیستم هوشمند تشخیص سلامت: ماشین به طور مداوم وضعیت سلامت فرد را از طریق سنسورهای داخلی (مانند ضربان قلب، فشار خون، و وضعیت کلی بدن) بررسی می‌کند و در صورت نیاز به کمک فوری، با سرویس‌های اورژانسی تماس می‌گیرد.


رابط کاربری ساده و گویا: این خودرو از یک سیستم صوتی و لمسی بسیار ساده استفاده می‌کند که برای افراد مسن و کسانی که توانایی استفاده از فناوری‌های پیچیده را ندارند، طراحی شده است.


سیستم ناوبری تطبیقی: ماشین به طور خودکار مسیرهایی را که برای فرد مناسب‌تر است انتخاب می‌کند، مانند مسیرهایی با شیب کم یا مکان‌هایی که دسترسی به آن‌ها برای افراد دارای معلولیت آسان‌تر است.


پشتیبانی از تماس‌های صوتی و تصویری: این خودرو می‌تواند به طور خودکار تماس‌های صوتی یا تصویری با خانواده یا مراقبین فرد برقرار کند تا اطمینان حاصل شود که او در سفر خود در امنیت است.


این ماشین می‌تواند به یکی از نیازهای اساسی افراد با مشکلات حرکتی و سلامت کمک کند و زندگی روزمره آن‌ها را راحت‌تر و مستقل‌تر کند."
مفهوم مدل رگرسیون خطی را با استفاده از زبان ساده توضیح دهید.,"مدل رگرسیون خطی یک روش ساده است که برای پیدا کردن رابطه میان دو یا چند متغیر استفاده می‌شود. فرض کنید می‌خواهیم پیش‌بینی کنیم که با توجه به یک ویژگی خاص (مثلاً تعداد ساعت‌های مطالعه)، چه نتیجه‌ای (مثلاً نمره امتحان) به دست می‌آید.
در رگرسیون خطی، ما یک خط صاف (یا در حالت چند متغیر، یک صفحه یا یک ابعاد بالاتر) را رسم می‌کنیم که بهترین پیش‌بینی را از داده‌ها می‌دهد. این خط به گونه‌ای رسم می‌شود که کمترین فاصله را از تمام نقاط داده‌ها داشته باشد. به عبارت دیگر، مدل رگرسیون خطی سعی می‌کند تا رابطه‌ای خطی بین متغیرها پیدا کند.
مثال ساده:
فرض کنید می‌خواهید پیش‌بینی کنید که با افزایش تعداد ساعت‌های مطالعه، نمره امتحان چقدر افزایش می‌یابد. با استفاده از رگرسیون خطی، می‌توانید یک خط رسم کنید که نشان دهد چگونه با افزایش ساعت مطالعه، نمره امتحان نیز افزایش می‌کند.
در نهایت، مدل رگرسیون خطی به شما این امکان را می‌دهد که بتوانید برای یک مقدار خاص از ویژگی (مثلاً ساعت مطالعه)، یک پیش‌بینی برای نتیجه (مثلاً نمره امتحان) داشته باشید."
فهرستی از نکات برای کمک به کاهش استرس بسازید.,"در اینجا فهرستی از نکات مفید برای کمک به کاهش استرس آورده شده است:


ورزش منظم: فعالیت‌های بدنی مانند پیاده‌روی، دویدن، یوگا یا شنا می‌توانند به کاهش استرس کمک کنند و سطح هورمون‌های استرس را کاهش دهند.


تنفس عمیق: تمرینات تنفس عمیق، مانند تنفس ۴-۷-۸، می‌تواند به آرامش بدن و کاهش اضطراب کمک کند.


مدیتیشن و ذهن‌آگاهی: تمرینات مدیتیشن و تمرکز بر لحظه حال به کاهش استرس و تقویت آرامش ذهنی کمک می‌کنند.


خواب کافی: خواب مناسب و با کیفیت یکی از مهم‌ترین عوامل برای کاهش استرس است. سعی کنید به اندازه کافی بخوابید و برنامه منظم برای خواب داشته باشید.


ارتباط با دیگران: صحبت کردن با دوستان، خانواده یا مشاوران می‌تواند به کاهش استرس و ایجاد حس حمایت اجتماعی کمک کند.


تغذیه سالم: خوردن غذاهای سالم مانند میوه‌ها، سبزیجات، و غذاهای غنی از امگا-۳ می‌تواند به بهبود وضعیت روحی و کاهش استرس کمک کند.


اولویت‌بندی وظایف: برنامه‌ریزی و تقسیم وظایف به مراحل کوچکتر و اولویت‌بندی آن‌ها می‌تواند احساس کنترل و کاهش استرس را به همراه داشته باشد.


موسیقی آرامش‌بخش: گوش دادن به موسیقی آرامش‌بخش یا صدای طبیعت می‌تواند به کاهش تنش و افزایش آرامش کمک کند.


خنده و شوخی: تماشای فیلم‌های کمدی یا صحبت با کسانی که باعث می‌شوند بخندید، می‌تواند به کاهش استرس و بهبود خلق‌وخو کمک کند.


اتلاف وقت برای خود: زمانی را برای انجام کارهایی که به شما لذت می‌دهند (مثل خواندن کتاب، نقاشی یا حمام گرم) اختصاص دهید.


کاهش مصرف کافئین و شکر: مصرف زیاد کافئین و شکر می‌تواند باعث افزایش اضطراب و استرس شود، پس تلاش کنید مصرف آن‌ها را محدود کنید.


وقت‌گذرانی در طبیعت: قدم زدن در پارک یا گذراندن وقت در طبیعت می‌تواند اثرات آرام‌بخشی بر بدن و ذهن داشته باشد.


یادگیری تکنیک‌های آرام‌سازی: روش‌هایی مانند آرام‌سازی عضلات پیشرونده (PMR) می‌تواند به کاهش تنش عضلانی و استرس کمک کند.


پذیرش و رها کردن کنترل: برخی مواقع، پذیرش اینکه همه چیز تحت کنترل ما نیست و سعی کردن در زمان‌های استرس‌زا به آرامی تصمیم‌گیری کنیم، می‌تواند بسیار مفید باشد.


تمرین تشکر و قدردانی: هر روز زمانی را برای فکر کردن به چیزهایی که از آن‌ها سپاسگزارید، اختصاص دهید. این کار می‌تواند نگرش مثبت شما را تقویت کند و استرس را کاهش دهد.


این نکات می‌توانند به شما کمک کنند تا استرس خود را مدیریت کرده و از احساس آرامش بیشتری بهره‌مند شوید."
از قطعات متن زیر برای پاسخ به سؤال در انتها استفاده کنید. اگر پاسخ را نمی‌دانید، فقط بگویید که نمی‌دانید، سعی نکنید پاسخی بسازید.  برلین که در قرن سیزدهم تأسیس شد، تاریخی پرحادثه داشته است. حفاری‌های سال ۲۰۰۸ نشان می‌دهد که این شهر ممکن است حتی قدیمی‌تر از آنچه قبلاً تصور می‌شد باشد: باستان‌شناسان ایالتی یک تیر چوبی بلوط را کشف کرده‌اند که احتمالاً به سال ۱۱۸۳ بازمی‌گردد.  تقریباً هیچ کلانشهر دیگری چنین تغییرات مکرر و رادیکالی را که چهره شهر را دگرگون کند، تجربه نکرده است. اگرچه برلین شاهد رشد مداوم اهمیت خود بود، اما دوران‌های خیره‌کننده با دوران‌های تاریک‌تر جایگزین می‌شدند. با این وجود، شهر سابقاً تقسیم شده موفق شده است به یک کلانشهر پرجنب‌وجوش در قلب اروپا تبدیل شود.  سؤال: چه رویدادهایی در برلین قرن بیستم رخ داد؟,متأسفانه در متن ارائه‌شده اشاره‌ای به رویدادهای خاص در برلین در قرن بیستم نشده است، بنابراین نمی‌توانم پاسخ دقیقی بدهم.
یک پست توییتر برای تبلیغ محصول جدید خود ایجاد کنید. مربای کاملا طبیعی آلیشا,"🍓🍯 معرفی مربای کاملاً طبیعی آلیشا! 🌱
با طعم بی‌نظیر و مواد ۱۰۰٪ ارگانیک، هر قاشق از این مربا شما را به دنیای طعم‌های اصیل و سالم می‌برد. بدون مواد افزودنی، فقط طبیعی و خوشمزه! 😋✨
🍇 امروز امتحان کنید و طعم واقعی طبیعت را بچشید! #مربای_آلیشا #طبیعی_سالم #مربای_ارگانیک"
با توجه به ورودی زیر، فعل را به عنوان متعدی یا لازم طبقه‌بندی کنید. improve,"فعل ""improve"" یک فعل متعدی است، زیرا برای کامل شدن معنای خود به مفعول نیاز دارد. به عنوان مثال:


""She wants to improve her skills.""
در این جمله، ""skills"" مفعول فعل ""improve"" است."
فهرستی از استراتژی‌های بازاریابی برای تبلیغ یک اپلیکیشن موبایل جدید ایجاد کنید.,"در اینجا فهرستی از استراتژی‌های بازاریابی برای تبلیغ یک اپلیکیشن موبایل جدید آورده شده است:


تبلیغات در شبکه‌های اجتماعی:


استفاده از پلتفرم‌های اجتماعی مانند اینستاگرام، فیس‌بوک، توییتر و لینکدین برای معرفی اپلیکیشن.


اجرای کمپین‌های تبلیغاتی هدفمند برای جذب کاربران خاص بر اساس علایق و رفتارهای آنلاین.




تبلیغات در گوگل و اپ استورها:


استفاده از تبلیغات Google Ads و App Store Optimization (ASO) برای افزایش دید اپلیکیشن در جستجوهای گوگل و اپ استور.


بهینه‌سازی نام، توضیحات، و کلمات کلیدی در اپ استورها برای رتبه‌بندی بهتر.




محتوای ویروسی و ویدئویی:


تولید ویدیوهای کوتاه و جذاب که مزایا و ویژگی‌های اپلیکیشن را نمایش دهند.


اشتراک‌گذاری این ویدیوها در یوتیوب، اینستاگرام، تیک‌تاک و سایر پلتفرم‌های ویدیویی برای جلب توجه.




تخفیف‌ها و جوایز ویژه:


ارائه تخفیف‌ها، اشتراک‌های رایگان یا جوایز برای کاربران جدید که اپلیکیشن را دانلود می‌کنند.


استفاده از کمپین‌های referral (ارجاع) برای تشویق کاربران به معرفی اپلیکیشن به دوستان و خانواده.




همکاری با اینفلوئنسرها و بلاگرها:


همکاری با اینفلوئنسرهای حوزه‌های مختلف (تکنولوژی، زندگی، آموزش و غیره) برای معرفی اپلیکیشن.


ارسال نسخه‌های ویژه اپلیکیشن به بلاگرها و درخواست نقد و بررسی از آن‌ها.




استفاده از بازاریابی ایمیلی:


ارسال ایمیل‌های هدفمند به فهرست‌های کاربران بالقوه با معرفی ویژگی‌ها و مزایای اپلیکیشن.


ارائه لینک‌های مستقیم برای دانلود اپلیکیشن در ایمیل‌ها و پیگیری به‌روزرسانی‌ها.




تبلیغات در وب‌سایت‌های مرتبط:


همکاری با وب‌سایت‌ها و بلاگ‌های مربوط به حوزه اپلیکیشن برای تبلیغات یا نقد و بررسی.


قرار دادن بنرهای تبلیغاتی در وب‌سایت‌های پربازدید برای جذب ترافیک.




کمپین‌های تبلیغاتی مبتنی بر مکان:


استفاده از تبلیغات موقعیت‌یابی (Location-based ads) برای جذب کاربران در مکان‌های خاص که مرتبط با اپلیکیشن است.


ارسال نوتیفیکیشن‌های جغرافیایی به کاربران وقتی نزدیک به یک مکان ویژه قرار می‌گیرند.




تبلیغات در رسانه‌های آنلاین و آفلاین:


تبلیغات در پادکست‌ها، رادیوها یا تلویزیون‌های آنلاین برای جذب کاربران با مخاطب خاص.


استفاده از تبلیغات چاپی یا بیلبوردها در مکان‌های استراتژیک برای جذب توجه بیشتر.




آزمون‌های رایگان و نسخه‌های نمایشی:




ارائه نسخه آزمایشی یا ""فریمیوم"" از اپلیکیشن برای جلب توجه و ایجاد تجربه اولیه برای کاربران.


تشویق کاربران به امتحان کردن اپلیکیشن بدون نیاز به پرداخت هزینه اولیه.




ایجاد محتوای آموزشی و آموزش‌های آنلاین:




ایجاد وبینارها، مقالات و ویدیوهای آموزشی که نشان دهند چگونه از اپلیکیشن استفاده کنند.


ایجاد یک بلاگ و انتشار محتوای مرتبط با اپلیکیشن برای جذب ترافیک و ارتقای آگاهی کاربران.




پشتیبانی و نظرات مثبت کاربران:




تشویق کاربران به ارائه نظرات مثبت و امتیازدهی بالا در اپ استور و گوگل پلی.


ارائه پشتیبانی سریع و مؤثر برای حل مشکلات کاربران و افزایش رضایت آن‌ها.


این استراتژی‌ها می‌توانند کمک کنند تا اپلیکیشن شما شناخته‌تر شود و تعداد دانلودها و استفاده از آن افزایش یابد."
جمله را برای ارائه وضوح و روانی بیشتر بازنویسی کنید. تصمیم برای اجاره خانه یک انتخاب عاقلانه بود,تصمیم به اجاره خانه انتخابی هوشمندانه بود.
توصیفی از بخش مشتری زیر ارائه دهید. خریداران آنلاین در ایالات متحده با سن بین ۱۸ تا ۲۵ سال,"خریداران آنلاین در ایالات متحده با سن بین ۱۸ تا ۲۵ سال، گروهی از جوانان دیجیتال‌محور هستند که در دنیای اینترنت و تجارت الکترونیک به راحتی حرکت می‌کنند. این گروه عمدتاً به‌عنوان نسل هزاره یا نسل Z شناخته می‌شوند که به راحتی از فناوری‌های جدید استفاده می‌کنند و به راحتی خریدهای آنلاین خود را از طریق گوشی‌های هوشمند، تبلت‌ها یا لپ‌تاپ‌ها انجام می‌دهند. آنها به دنبال راحتی و سرعت در خرید هستند و علاقه زیادی به برندهای معتبر و تبلیغات دیجیتال دارند.
این گروه معمولاً به دنبال محصولات مد، لوازم الکترونیکی، کتاب، و کالاهای روزمره هستند و از قیمت‌های مناسب و تخفیف‌ها استقبال می‌کنند. علاوه بر این، آن‌ها معمولاً به ویژگی‌هایی مانند ارزیابی‌های آنلاین، نقد و بررسی کاربران، و نظرات سایر خریداران توجه زیادی دارند. با توجه به علاقه به محتوای بصری، تصاویر جذاب و ویدئوهای تبلیغاتی تاثیر زیادی بر تصمیمات خرید این گروه دارد.
همچنین، این گروه تمایل به خرید از برندهای اخلاق‌گرا و اجتماعی دارند و از محصولاتی که متناسب با ارزش‌ها و دغدغه‌های اجتماعی‌شان است، حمایت می‌کنند."
از قطعات متن زیر برای پاسخ به سؤال در انتها استفاده کنید. اگر پاسخ را نمی‌دانید، فقط بگویید که نمی‌دانید، سعی نکنید پاسخی بسازید.  پیش از این، استفاده از چاپ تصعید رنگ به چاپ صنعتی یا تجاری پیشرفته محدود بود. چاپ عکس با تصعید رنگ در تصویربرداری پزشکی، نمونه‌سازی هنرهای گرافیکی، کاربردهای امنیتی و مرتبط با پخش استفاده شده است. امروزه، این روش در عکاسی از رویدادها و غرفه‌های عکس یا کیоск‌هایی که نیاز به چاپ سریع و بر اساس تقاضا دارند، بسیار محبوب است.  شرکت آلپز الکتریک اولین چاپگرهای تصعید رنگ با کیفیت را برای مصرف‌کنندگان خانگی در محدوده قیمتی ۵۰۰ تا ۱۰۰۰ دلار تولید کرد و فناوری تصعید رنگ را در دسترس مخاطبان وسیع‌تری قرار داد. (با این حال، این مدل‌ها چاپگرهای صفحه‌ای واقعی نبودند، زیرا از یک هد چاپ باریک استفاده می‌کردند که مانند اکثر چاپگرهای جوهرافشان در سراسر صفحه حرکت می‌کرد.) اکنون چاپگرهای تصعید رنگ زیادی در بازار وجود دارد که قیمت آنها از ۱۰۰ دلار شروع می‌شود، به خصوص چاپگرهای عکس سیار به اندازه کارت پستال.  توانایی تولید فوری چاپ عکس ارزان از یک چاپگر کوچک، منجر به جایگزینی راه‌حل‌های تصعید رنگ با عکس‌های فوری سنتی در برخی کاربردها، مانند عکاسی شناسنامه با چاپگر کارت، شده است.  چندین شرکت، واحدهای رومیزی را به عنوان چاپگرهای مستقل و برای کاربردهای کیوسک چاپ و غرفه عکس به بازار عرضه می‌کنند. برخی از این واحدها بر اساس چاپگرهای عمومی ساخته شده‌اند. برخی از تولیدکنندگان، کیت‌های توسعه نرم‌افزار را با چاپگرهای خود ارائه می‌دهند، که نشان می‌دهد این شرکت‌ها امیدوارند یکپارچه‌سازان سیستم را به عنوان یک بازار بالقوه جذب کنند.  چاپگرهای عکس تصعید رنگ مستقل رومیزی همچنین توسط عکاسان در عکاسی از رویدادها استفاده می‌شود. این فناوری به عکاسان اجازه می‌دهد تا بلافاصله در طول رویدادی که در آن شرکت می‌کنند، با حداقل مقدار سخت‌افزار، چاپ‌هایی با کیفیت آزمایشگاهی تولید کرده و بفروشند.  سؤال: موارد استفاده از چاپگر تصعید رنگ چیست؟,"موارد استفاده از چاپگر تصعید رنگ شامل موارد زیر است:


تصویربرداری پزشکی


نمونه‌سازی هنرهای گرافیکی


کاربردهای امنیتی و مرتبط با پخش


عکاسی از رویدادها و غرفه‌های عکس


چاپ فوری و بر اساس تقاضا


چاپ عکس‌های شناسنامه با چاپگر کارت


چاپگرهای رومیزی مستقل برای کاربردهای کیوسک چاپ و غرفه عکس


عکاسی از رویدادها توسط عکاسان، که امکان چاپ فوری با کیفیت بالا را فراهم می‌کند"
فهرستی از نام کشورهای نیمکره غربی ایجاد کنید.,"در اینجا فهرستی از برخی کشورهای نیمکره غربی آورده شده است:


آرژانتین


کانادا


کاستاریکا


کوبا


دومینیکن


اکوادور


السالوادور


گواتمالا


هندوراس


جامائیکا


مکزیک


نیکاراگوئه


پاناما


پاراگوئه


پرو


ترینیداد و توباگو


ایالات متحده آمریکا


شیلی


برزیل


کلمبیا


تمام این کشورها در نیمکره غربی قرار دارند که شامل آمریکای شمالی، مرکزی و جنوبی است."
عبارت زیر را به فرانسوی ترجمه کنید. دلم برات تنگ شده,"عبارت ""دلم برات تنگ شده"" به فرانسوی به این صورت ترجمه می‌شود:
""Tu me manques."""
توضیح دهید API چیست.,"API (که مخفف Application Programming Interface است) یک رابط یا مجموعه‌ای از قوانین است که به نرم‌افزارها این امکان را می‌دهد که با یکدیگر ارتباط برقرار کنند. به زبان ساده‌تر، API یک پل ارتباطی میان دو سیستم نرم‌افزاری است که از طریق آن، یک نرم‌افزار می‌تواند به اطلاعات، داده‌ها یا خدمات نرم‌افزار دیگر دسترسی پیدا کند و از آن استفاده کند.
مثال ساده:
تصور کنید که شما در یک رستوران نشسته‌اید و از منوی غذا درخواست می‌دهید. شما برای سفارش غذا به گارسون می‌گویید که چه می‌خواهید، و گارسون به آشپزخانه می‌رود، غذا را آماده می‌کند و به شما تحویل می‌دهد. در اینجا گارسون مانند API عمل می‌کند، چون او اطلاعات شما را از یک سیستم (شما) به سیستم دیگر (آشپزخانه) منتقل می‌کند و سپس نتیجه (غذا) را به شما می‌دهد.
چرا API مهم است؟


دسترس‌پذیری اطلاعات: APIها این امکان را می‌دهند که داده‌ها یا خدمات یک سیستم به راحتی توسط سیستم‌های دیگر استفاده شود.


اتوماسیون و یکپارچگی: APIها امکان تعامل و هماهنگی خودکار میان نرم‌افزارهای مختلف را فراهم می‌کنند، که موجب کاهش نیاز به انجام فرآیندهای دستی می‌شود.


افزایش کارایی: بسیاری از خدمات آنلاین مانند پرداخت‌ها، نقشه‌ها یا اشتراک‌گذاری محتوا از APIها برای تعامل با سیستم‌های دیگر استفاده می‌کنند. به عنوان مثال، وقتی شما در اپلیکیشن گوشی خود از گوگل مپ استفاده می‌کنید، در حقیقت از API گوگل مپ برای دریافت نقشه‌ها و مسیرها بهره می‌برید.


انواع API:


API وب: برای ارتباط بین وب‌سایت‌ها یا اپلیکیشن‌های مختلف.


API داخلی: برای ارتباط درون یک نرم‌افزار یا سیستم خاص.


API عمومی: در دسترس عموم قرار دارد و معمولاً برای گسترش خدمات و تعامل با سایر نرم‌افزارها ارائه می‌شود.


در نهایت، APIها باعث می‌شوند که نرم‌افزارها بتوانند بدون نیاز به دخالت انسان و به صورت خودکار با یکدیگر تعامل داشته باشند."
مساحت مستطیلی با طول ۱۰ سانتی‌متر و عرض ۵ سانتی‌متر را محاسبه کنید.,"برای محاسبه مساحت مستطیل از فرمول زیر استفاده می‌کنیم:
مساحت=طول×عرض\text{مساحت} = \text{طول} \times \text{عرض}مساحت=طول×عرض
با جایگذاری مقادیر طول و عرض:
مساحت=10 سانتی‌متر×5 سانتی‌متر=50 سانتی‌متر مربع\text{مساحت} = 10 \, \text{سانتی‌متر} \times 5 \, \text{سانتی‌متر} = 50 \, \text{سانتی‌متر مربع}مساحت=10سانتی‌متر×5سانتی‌متر=50سانتی‌متر مربع
پس مساحت مستطیل برابر با 50 سانتی‌متر مربع است."
پایتخت اسپانیا را پیدا کنید.,پایتخت اسپانیا مادرید است.
گزاره زیر را به عنوان درست یا نادرست طبقه‌بندی کنید. دیوان عالی بالاترین دادگاه در ایالات متحده است.,"گزاره ""دیوان عالی بالاترین دادگاه در ایالات متحده است"" درست است."
یک شمای پایگاه داده برای ثبت حقوق کارمندان طراحی کنید.,"برای طراحی یک شمای پایگاه داده برای ثبت حقوق کارمندان، باید جداول مختلفی را در نظر بگیریم که اطلاعات مختلفی مانند جزئیات شخصی کارمندان، حقوق، مزایا، تاریخ پرداخت و سایر جزئیات مرتبط با حقوق و دستمزد را ذخیره کنند. در ادامه، یک شمای پایگاه داده ساده برای این منظور آورده شده است:
1. جدول employees (کارمندان)
این جدول شامل اطلاعات شخصی و شغلی هر کارمند است.
فیلدنوع دادهتوضیحاتemployee_idINTشناسه یکتا برای هر کارمندfirst_nameVARCHAR(50)نام کارمندlast_nameVARCHAR(50)نام خانوادگی کارمندbirth_dateDATEتاریخ تولدhire_dateDATEتاریخ استخدامjob_titleVARCHAR(50)عنوان شغلیdepartmentVARCHAR(50)بخش یا دپارتمانsalaryDECIMAL(10,2)حقوق پایه کارمند
2. جدول payroll (پرداخت‌ها)
این جدول جزئیات پرداخت‌ها برای هر کارمند در هر دوره پرداخت را ذخیره می‌کند.
فیلدنوع دادهتوضیحاتpayroll_idINTشناسه یکتا برای هر پرداختemployee_idINTشناسه کارمند (مرجع به employees)payment_dateDATEتاریخ پرداختbase_salaryDECIMAL(10,2)حقوق پایه در آن دوره پرداختbonusDECIMAL(10,2)پاداش پرداختی در آن دورهdeductionsDECIMAL(10,2)کسورات (مالیات، بیمه و غیره)net_salaryDECIMAL(10,2)حقوق خالص پس از کسورات
3. جدول benefits (مزایا)
این جدول اطلاعات مربوط به مزایا و کمک هزینه‌های کارمندان را ذخیره می‌کند.
فیلدنوع دادهتوضیحاتbenefit_idINTشناسه یکتا برای هر مزایاemployee_idINTشناسه کارمند (مرجع به employees)benefit_typeVARCHAR(50)نوع مزایا (مثلاً بیمه، کمک‌هزینه)benefit_amountDECIMAL(10,2)مقدار مزایاstart_dateDATEتاریخ شروع مزایاend_dateDATEتاریخ پایان مزایا (در صورت وجود)
4. جدول deductions (کسورات)
این جدول جزئیات کسورات (مانند مالیات، بیمه، و سایر کسورات) را ذخیره می‌کند.
فیلدنوع دادهتوضیحاتdeduction_idINTشناسه یکتا برای هر کسوراتemployee_idINTشناسه کارمند (مرجع به employees)deduction_typeVARCHAR(50)نوع کسورات (مالیات، بیمه، و غیره)deduction_amountDECIMAL(10,2)مقدار کسوراتstart_dateDATEتاریخ شروع کسوراتend_dateDATEتاریخ پایان کسورات (در صورت وجود)
روابط بین جداول:


جدول employees با payroll از طریق employee_id ارتباط دارد.


جدول employees با benefits از طریق employee_id ارتباط دارد.


جدول employees با deductions از طریق employee_id ارتباط دارد.


این شمای پایگاه داده می‌تواند برای مدیریت حقوق و مزایای کارمندان در یک سازمان استفاده شود. همچنین می‌توان با افزودن فیلدها و جداول اضافی مانند تاریخچه تغییرات حقوق، اطلاعات اضافی مربوط به پرداخت‌ها و غیره، این پایگاه داده را گسترش داد."
